{
   "type": "FeatureCollection",
   "features": [
  {
    "type": "Feature",
    "geometry": {
       "type": "Point",
       "coordinates":  [ 121.516899,25.048553 ]
    },
    "properties": {
    "流水號":1,
    "攝影機編號":"001-市民快承德",
    "攝影機id":1,
    "影片網址":"https://hls.bote.gov.taipei/live/index.html?id=001",
    "區域":"大同區"
    }
  },
  {
    "type": "Feature",
    "geometry": {
       "type": "Point",
       "coordinates":  [ 121.506042,25.049253 ]
    },
    "properties": {
    "流水號":2,
    "攝影機編號":"002-環快忠孝橋",
    "攝影機id":2,
    "影片網址":"https://hls.bote.gov.taipei/live/index.html?id=002",
    "區域":"大同區"
    }
  },
  {
    "type": "Feature",
    "geometry": {
       "type": "Point",
       "coordinates":  [ 121.500679,25.044197 ]
    },
    "properties": {
    "流水號":3,
    "攝影機編號":"003-環快中興橋",
    "攝影機id":3,
    "影片網址":"https://hls.bote.gov.taipei/live/index.html?id=003",
    "區域":"萬華區"
    }
  },
  {
    "type": "Feature",
    "geometry": {
       "type": "Point",
       "coordinates":  [ 121.4904247,25.03527326 ]
    },
    "properties": {
    "流水號":4,
    "攝影機編號":"004-環快華江橋",
    "攝影機id":4,
    "影片網址":"https://hls.bote.gov.taipei/live/index.html?id=004",
    "區域":"萬華區"
    }
  },
  {
    "type": "Feature",
    "geometry": {
       "type": "Point",
       "coordinates":  [ 121.4912983,25.0248362 ]
    },
    "properties": {
    "流水號":5,
    "攝影機編號":"005-環快光復橋",
    "攝影機id":5,
    "影片網址":"https://hls.bote.gov.taipei/live/index.html?id=005",
    "區域":"萬華區"
    }
  },
  {
    "type": "Feature",
    "geometry": {
       "type": "Point",
       "coordinates":  [ 121.495305,25.016719 ]
    },
    "properties": {
    "流水號":6,
    "攝影機編號":"006-環快華中橋",
    "攝影機id":6,
    "影片網址":"https://hls.bote.gov.taipei/live/index.html?id=006",
    "區域":"萬華區"
    }
  },
  {
    "type": "Feature",
    "geometry": {
       "type": "Point",
       "coordinates":  [ 121.522281,25.020491 ]
    },
    "properties": {
    "流水號":7,
    "攝影機編號":"008-水源快師大",
    "攝影機id":8,
    "影片網址":"https://hls.bote.gov.taipei/live/index.html?id=008",
    "區域":"中正區"
    }
  },
  {
    "type": "Feature",
    "geometry": {
       "type": "Point",
       "coordinates":  [ 121.526881,25.018831 ]
    },
    "properties": {
    "流水號":8,
    "攝影機編號":"009-辛亥快汀州",
    "攝影機id":9,
    "影片網址":"https://hls.bote.gov.taipei/live/index.html?id=009",
    "區域":"中正區"
    }
  },
  {
    "type": "Feature",
    "geometry": {
       "type": "Point",
       "coordinates":  [ 121.529495,25.019934 ]
    },
    "properties": {
    "流水號":9,
    "攝影機編號":"010-辛亥快泰順",
    "攝影機id":10,
    "影片網址":"https://hls.bote.gov.taipei/live/index.html?id=010",
    "區域":"大安區"
    }
  },
  {
    "type": "Feature",
    "geometry": {
       "type": "Point",
       "coordinates":  [ 121.534517,25.022641 ]
    },
    "properties": {
    "流水號":10,
    "攝影機編號":"011-辛亥快新生南",
    "攝影機id":11,
    "影片網址":"https://hls.bote.gov.taipei/live/index.html?id=011",
    "區域":"大安區"
    }
  },
  {
    "type": "Feature",
    "geometry": {
       "type": "Point",
       "coordinates":  [ 121.536369,25.022418 ]
    },
    "properties": {
    "流水號":11,
    "攝影機編號":"012-建國快辛亥",
    "攝影機id":12,
    "影片網址":"https://hls.bote.gov.taipei/live/index.html?id=012",
    "區域":"大安區"
    }
  },
  {
    "type": "Feature",
    "geometry": {
       "type": "Point",
       "coordinates":  [ 121.53751,25.02576 ]
    },
    "properties": {
    "流水號":12,
    "攝影機編號":"013-建國快和平",
    "攝影機id":13,
    "影片網址":"https://hls.bote.gov.taipei/live/index.html?id=013",
    "區域":"大安區"
    }
  },
  {
    "type": "Feature",
    "geometry": {
       "type": "Point",
       "coordinates":  [ 121.537651,25.033466 ]
    },
    "properties": {
    "流水號":13,
    "攝影機編號":"014-建國快信義",
    "攝影機id":14,
    "影片網址":"https://hls.bote.gov.taipei/live/index.html?id=014",
    "區域":"大安區"
    }
  },
  {
    "type": "Feature",
    "geometry": {
       "type": "Point",
       "coordinates":  [ 121.53798,25.03807 ]
    },
    "properties": {
    "流水號":14,
    "攝影機編號":"015-建國快仁愛",
    "攝影機id":15,
    "影片網址":"https://hls.bote.gov.taipei/live/index.html?id=015",
    "區域":"大安區"
    }
  },
  {
    "type": "Feature",
    "geometry": {
       "type": "Point",
       "coordinates":  [ 121.53701,25.0416 ]
    },
    "properties": {
    "流水號":15,
    "攝影機編號":"016-建國快忠孝",
    "攝影機id":16,
    "影片網址":"https://hls.bote.gov.taipei/live/index.html?id=016",
    "區域":"大安區"
    }
  },
  {
    "type": "Feature",
    "geometry": {
       "type": "Point",
       "coordinates":  [ 121.53684,25.04848 ]
    },
    "properties": {
    "流水號":16,
    "攝影機編號":"017-建國快長安",
    "攝影機id":17,
    "影片網址":"https://hls.bote.gov.taipei/live/index.html?id=017",
    "區域":"中山區"
    }
  },
  {
    "type": "Feature",
    "geometry": {
       "type": "Point",
       "coordinates":  [ 121.53661,25.05187 ]
    },
    "properties": {
    "流水號":17,
    "攝影機編號":"018-建國快南京",
    "攝影機id":18,
    "影片網址":"https://hls.bote.gov.taipei/live/index.html?id=018",
    "區域":"中山區"
    }
  },
  {
    "type": "Feature",
    "geometry": {
       "type": "Point",
       "coordinates":  [ 121.53703,25.05801 ]
    },
    "properties": {
    "流水號":18,
    "攝影機編號":"019-建國快民生",
    "攝影機id":19,
    "影片網址":"https://hls.bote.gov.taipei/live/index.html?id=019",
    "區域":"中山區"
    }
  },
  {
    "type": "Feature",
    "geometry": {
       "type": "Point",
       "coordinates":  [ 121.53692,25.06228 ]
    },
    "properties": {
    "流水號":19,
    "攝影機編號":"020-建國快民權",
    "攝影機id":20,
    "影片網址":"https://hls.bote.gov.taipei/live/index.html?id=020",
    "區域":"中山區"
    }
  },
  {
    "type": "Feature",
    "geometry": {
       "type": "Point",
       "coordinates":  [ 121.53295,25.06831 ]
    },
    "properties": {
    "流水號":20,
    "攝影機編號":"021-民族松江",
    "攝影機id":21,
    "影片網址":"https://hls.bote.gov.taipei/live/index.html?id=021",
    "區域":"中山區"
    }
  },
  {
    "type": "Feature",
    "geometry": {
       "type": "Point",
       "coordinates":  [ 121.5336,25.07116 ]
    },
    "properties": {
    "流水號":21,
    "攝影機編號":"022-建國快圓山匝道",
    "攝影機id":22,
    "影片網址":"https://hls.bote.gov.taipei/live/index.html?id=022",
    "區域":"中山區"
    }
  },
  {
    "type": "Feature",
    "geometry": {
       "type": "Point",
       "coordinates":  [ 121.52814,25.012011 ]
    },
    "properties": {
    "流水號":22,
    "攝影機編號":"023-水源快永福橋",
    "攝影機id":23,
    "影片網址":"https://hls.bote.gov.taipei/live/index.html?id=023",
    "區域":"中正區"
    }
  },
  {
    "type": "Feature",
    "geometry": {
       "type": "Point",
       "coordinates":  [ 121.532405,25.008628 ]
    },
    "properties": {
    "流水號":23,
    "攝影機編號":"024-水源快福和橋",
    "攝影機id":24,
    "影片網址":"https://hls.bote.gov.taipei/live/index.html?id=024",
    "區域":"文山區"
    }
  },
  {
    "type": "Feature",
    "geometry": {
       "type": "Point",
       "coordinates":  [ 121.53717,25.01134 ]
    },
    "properties": {
    "流水號":24,
    "攝影機編號":"025-基隆快羅斯",
    "攝影機id":25,
    "影片網址":"https://hls.bote.gov.taipei/live/index.html?id=025",
    "區域":"大安區"
    }
  },
  {
    "type": "Feature",
    "geometry": {
       "type": "Point",
       "coordinates":  [ 121.5468,25.019 ]
    },
    "properties": {
    "流水號":25,
    "攝影機編號":"026-基隆快辛亥",
    "攝影機id":26,
    "影片網址":"https://hls.bote.gov.taipei/live/index.html?id=026",
    "區域":"大安區"
    }
  },
  {
    "type": "Feature",
    "geometry": {
       "type": "Point",
       "coordinates":  [ 121.506905,25.050808 ]
    },
    "properties": {
    "流水號":26,
    "攝影機編號":"027-市民快環河",
    "攝影機id":27,
    "影片網址":"https://hls.bote.gov.taipei/live/index.html?id=027",
    "區域":"大同區"
    }
  },
  {
    "type": "Feature",
    "geometry": {
       "type": "Point",
       "coordinates":  [ 121.520889,25.048124 ]
    },
    "properties": {
    "流水號":27,
    "攝影機編號":"028-市民快中山",
    "攝影機id":28,
    "影片網址":"https://hls.bote.gov.taipei/live/index.html?id=028",
    "區域":"中山區"
    }
  },
  {
    "type": "Feature",
    "geometry": {
       "type": "Point",
       "coordinates":  [ 121.548958,25.044937 ]
    },
    "properties": {
    "流水號":28,
    "攝影機編號":"029-市民快敦化",
    "攝影機id":29,
    "影片網址":"https://hls.bote.gov.taipei/live/index.html?id=029",
    "區域":"大安區"
    }
  },
  {
    "type": "Feature",
    "geometry": {
       "type": "Point",
       "coordinates":  [ 121.532738,25.045305 ]
    },
    "properties": {
    "流水號":29,
    "攝影機編號":"030-市民快松江",
    "攝影機id":30,
    "影片網址":"https://hls.bote.gov.taipei/live/index.html?id=030",
    "區域":"中正區"
    }
  },
  {
    "type": "Feature",
    "geometry": {
       "type": "Point",
       "coordinates":  [ 121.56501,25.044683 ]
    },
    "properties": {
    "流水號":30,
    "攝影機編號":"031-市民快永吉",
    "攝影機id":31,
    "影片網址":"https://hls.bote.gov.taipei/live/index.html?id=031",
    "區域":"信義區"
    }
  },
  {
    "type": "Feature",
    "geometry": {
       "type": "Point",
       "coordinates":  [ 121.512978,25.049494 ]
    },
    "properties": {
    "流水號":31,
    "攝影機編號":"032-市民快重慶匝道",
    "攝影機id":32,
    "影片網址":"https://hls.bote.gov.taipei/live/index.html?id=032",
    "區域":"中正區"
    }
  },
  {
    "type": "Feature",
    "geometry": {
       "type": "Point",
       "coordinates":  [ 121.530198,25.046084 ]
    },
    "properties": {
    "流水號":32,
    "攝影機編號":"033-市民快新生匝道",
    "攝影機id":33,
    "影片網址":"https://hls.bote.gov.taipei/live/index.html?id=033",
    "區域":"中正區"
    }
  },
  {
    "type": "Feature",
    "geometry": {
       "type": "Point",
       "coordinates":  [ 121.536842,25.044715 ]
    },
    "properties": {
    "流水號":33,
    "攝影機編號":"034-市民快建國北匝道",
    "攝影機id":34,
    "影片網址":"https://hls.bote.gov.taipei/live/index.html?id=034",
    "區域":"大安區"
    }
  },
  {
    "type": "Feature",
    "geometry": {
       "type": "Point",
       "coordinates":  [ 121.556938,25.044897 ]
    },
    "properties": {
    "流水號":34,
    "攝影機編號":"035-市民快光復匝道",
    "攝影機id":35,
    "影片網址":"https://hls.bote.gov.taipei/live/index.html?id=035",
    "區域":"大安區"
    }
  },
  {
    "type": "Feature",
    "geometry": {
       "type": "Point",
       "coordinates":  [ 121.567345,25.045813 ]
    },
    "properties": {
    "流水號":35,
    "攝影機編號":"036-市民快正氣橋上層",
    "攝影機id":36,
    "影片網址":"https://hls.bote.gov.taipei/live/index.html?id=036",
    "區域":"信義區"
    }
  },
  {
    "type": "Feature",
    "geometry": {
       "type": "Point",
       "coordinates":  [ 121.570717,25.051216 ]
    },
    "properties": {
    "流水號":36,
    "攝影機編號":"037-市民快麥帥一橋",
    "攝影機id":37,
    "影片網址":"https://hls.bote.gov.taipei/live/index.html?id=037",
    "區域":"松山區"
    }
  },
  {
    "type": "Feature",
    "geometry": {
       "type": "Point",
       "coordinates":  [ 121.566913,25.045533 ]
    },
    "properties": {
    "流水號":37,
    "攝影機編號":"038-基隆永吉",
    "攝影機id":38,
    "影片網址":"https://hls.bote.gov.taipei/live/index.html?id=038",
    "區域":"信義區"
    }
  },
  {
    "type": "Feature",
    "geometry": {
       "type": "Point",
       "coordinates":  [ 121.508362,25.056755 ]
    },
    "properties": {
    "流水號":38,
    "攝影機編號":"039-環河民生",
    "攝影機id":39,
    "影片網址":"https://hls.bote.gov.taipei/live/index.html?id=039",
    "區域":"大同區"
    }
  },
  {
    "type": "Feature",
    "geometry": {
       "type": "Point",
       "coordinates":  [ 121.508774,25.063412 ]
    },
    "properties": {
    "流水號":39,
    "攝影機編號":"040-民權西台北橋",
    "攝影機id":40,
    "影片網址":"https://hls.bote.gov.taipei/live/index.html?id=040",
    "區域":"大同區"
    }
  },
  {
    "type": "Feature",
    "geometry": {
       "type": "Point",
       "coordinates":  [ 121.508559,25.076133 ]
    },
    "properties": {
    "流水號":40,
    "攝影機編號":"041-環河北敦煌",
    "攝影機id":41,
    "影片網址":"https://hls.bote.gov.taipei/live/index.html?id=041",
    "區域":"大同區"
    }
  },
  {
    "type": "Feature",
    "geometry": {
       "type": "Point",
       "coordinates":  [ 121.515997,25.090995 ]
    },
    "properties": {
    "流水號":41,
    "攝影機編號":"042-承德中正",
    "攝影機id":42,
    "影片網址":"https://hls.bote.gov.taipei/live/index.html?id=042",
    "區域":"士林區"
    }
  },
  {
    "type": "Feature",
    "geometry": {
       "type": "Point",
       "coordinates":  [ 121.513039,25.081245 ]
    },
    "properties": {
    "流水號":42,
    "攝影機編號":"043-重慶北交流道",
    "攝影機id":43,
    "影片網址":"https://hls.bote.gov.taipei/live/index.html?id=043",
    "區域":"士林區"
    }
  },
  {
    "type": "Feature",
    "geometry": {
       "type": "Point",
       "coordinates":  [ 121.5253088,25.07627506 ]
    },
    "properties": {
    "流水號":43,
    "攝影機編號":"044-圓山中山橋",
    "攝影機id":44,
    "影片網址":"https://hls.bote.gov.taipei/live/index.html?id=044",
    "區域":"士林區"
    }
  },
  {
    "type": "Feature",
    "geometry": {
       "type": "Point",
       "coordinates":  [ 121.544685,25.077025 ]
    },
    "properties": {
    "流水號":44,
    "攝影機編號":"045-大直橋",
    "攝影機id":45,
    "影片網址":"https://hls.bote.gov.taipei/live/index.html?id=045",
    "區域":"中山區"
    }
  },
  {
    "type": "Feature",
    "geometry": {
       "type": "Point",
       "coordinates":  [ 121.56593,25.06331 ]
    },
    "properties": {
    "流水號":45,
    "攝影機編號":"046-民權撫遠",
    "攝影機id":46,
    "影片網址":"https://hls.bote.gov.taipei/live/index.html?id=046",
    "區域":"松山區"
    }
  },
  {
    "type": "Feature",
    "geometry": {
       "type": "Point",
       "coordinates":  [ 121.57016,25.054733 ]
    },
    "properties": {
    "流水號":46,
    "攝影機編號":"047-麥帥二橋松山抽水站",
    "攝影機id":47,
    "影片網址":"https://hls.bote.gov.taipei/live/index.html?id=047",
    "區域":"松山區"
    }
  },
  {
    "type": "Feature",
    "geometry": {
       "type": "Point",
       "coordinates":  [ 121.505803,25.085694 ]
    },
    "properties": {
    "流水號":47,
    "攝影機編號":"048-中正重陽橋",
    "攝影機id":48,
    "影片網址":"https://hls.bote.gov.taipei/live/index.html?id=048",
    "區域":"士林區"
    }
  },
  {
    "type": "Feature",
    "geometry": {
       "type": "Point",
       "coordinates":  [ 121.577797,25.05489 ]
    },
    "properties": {
    "流水號":48,
    "攝影機編號":"049-環東快堤頂匝道",
    "攝影機id":49,
    "影片網址":"https://hls.bote.gov.taipei/live/index.html?id=049",
    "區域":"內湖區"
    }
  },
  {
    "type": "Feature",
    "geometry": {
       "type": "Point",
       "coordinates":  [ 121.584259,25.058504 ]
    },
    "properties": {
    "流水號":49,
    "攝影機編號":"050-環東快舊宗匝道",
    "攝影機id":50,
    "影片網址":"https://hls.bote.gov.taipei/live/index.html?id=050",
    "區域":"內湖區"
    }
  },
  {
    "type": "Feature",
    "geometry": {
       "type": "Point",
       "coordinates":  [ 121.5910282,25.06109731 ]
    },
    "properties": {
    "流水號":50,
    "攝影機編號":"051-環東快成功路",
    "攝影機id":51,
    "影片網址":"https://hls.bote.gov.taipei/live/index.html?id=051",
    "區域":"內湖區"
    }
  },
  {
    "type": "Feature",
    "geometry": {
       "type": "Point",
       "coordinates":  [ 121.600304,25.05835 ]
    },
    "properties": {
    "流水號":51,
    "攝影機編號":"052-環東快出城往東",
    "攝影機id":52,
    "影片網址":"https://hls.bote.gov.taipei/live/index.html?id=052",
    "區域":"南港區"
    }
  },
  {
    "type": "Feature",
    "geometry": {
       "type": "Point",
       "coordinates":  [ 121.573631,25.058311 ]
    },
    "properties": {
    "流水號":52,
    "攝影機編號":"053-環東麥帥二橋往堤頂",
    "攝影機id":53,
    "影片網址":"https://hls.bote.gov.taipei/live/index.html?id=053",
    "區域":"內湖區"
    }
  },
  {
    "type": "Feature",
    "geometry": {
       "type": "Point",
       "coordinates":  [ 121.591705,25.060177 ]
    },
    "properties": {
    "流水號":53,
    "攝影機編號":"054-環東快成功橋",
    "攝影機id":54,
    "影片網址":"https://hls.bote.gov.taipei/live/index.html?id=054",
    "區域":"內湖區"
    }
  },
  {
    "type": "Feature",
    "geometry": {
       "type": "Point",
       "coordinates":  [ 121.601273,25.058428 ]
    },
    "properties": {
    "流水號":54,
    "攝影機編號":"055-環東快進城基河三期國宅",
    "攝影機id":55,
    "影片網址":"https://hls.bote.gov.taipei/live/index.html?id=055",
    "區域":"南港區"
    }
  },
  {
    "type": "Feature",
    "geometry": {
       "type": "Point",
       "coordinates":  [ 121.611183,25.061342 ]
    },
    "properties": {
    "流水號":55,
    "攝影機編號":"056-環東快進城南湖大橋",
    "攝影機id":56,
    "影片網址":"https://hls.bote.gov.taipei/live/index.html?id=056",
    "區域":"南港區"
    }
  },
  {
    "type": "Feature",
    "geometry": {
       "type": "Point",
       "coordinates":  [ 121.616203,25.062899 ]
    },
    "properties": {
    "流水號":56,
    "攝影機編號":"057-環東快經貿一路匝道",
    "攝影機id":57,
    "影片網址":"https://hls.bote.gov.taipei/live/index.html?id=057",
    "區域":"南港區"
    }
  },
  {
    "type": "Feature",
    "geometry": {
       "type": "Point",
       "coordinates":  [ 121.614059,25.054968 ]
    },
    "properties": {
    "流水號":57,
    "攝影機編號":"058-三重南港",
    "攝影機id":58,
    "影片網址":"https://hls.bote.gov.taipei/live/index.html?id=058",
    "區域":"南港區"
    }
  },
  {
    "type": "Feature",
    "geometry": {
       "type": "Point",
       "coordinates":  [ 121.616638,25.055103 ]
    },
    "properties": {
    "流水號":58,
    "攝影機編號":"059-經貿二南港",
    "攝影機id":59,
    "影片網址":"https://hls.bote.gov.taipei/live/index.html?id=059",
    "區域":"南港區"
    }
  },
  {
    "type": "Feature",
    "geometry": {
       "type": "Point",
       "coordinates":  [ 121.619362,25.059399 ]
    },
    "properties": {
    "流水號":59,
    "攝影機編號":"060-環東匝道",
    "攝影機id":60,
    "影片網址":"https://hls.bote.gov.taipei/live/index.html?id=060",
    "區域":"南港區"
    }
  },
  {
    "type": "Feature",
    "geometry": {
       "type": "Point",
       "coordinates":  [ 121.614487,25.060604 ]
    },
    "properties": {
    "流水號":60,
    "攝影機編號":"061-南湖大橋三重路",
    "攝影機id":61,
    "影片網址":"https://hls.bote.gov.taipei/live/index.html?id=061",
    "區域":"南港區"
    }
  },
  {
    "type": "Feature",
    "geometry": {
       "type": "Point",
       "coordinates":  [ 121.499135,25.101245 ]
    },
    "properties": {
    "流水號":61,
    "攝影機編號":"063-洲美快道福國匝道",
    "攝影機id":63,
    "影片網址":"https://hls.bote.gov.taipei/live/index.html?id=063",
    "區域":"北投區"
    }
  },
  {
    "type": "Feature",
    "geometry": {
       "type": "Point",
       "coordinates":  [ 121.4991137,25.10613965 ]
    },
    "properties": {
    "流水號":62,
    "攝影機編號":"064-洲美快13號道路匝道前",
    "攝影機id":64,
    "影片網址":"https://hls.bote.gov.taipei/live/index.html?id=064",
    "區域":"北投區"
    }
  },
  {
    "type": "Feature",
    "geometry": {
       "type": "Point",
       "coordinates":  [ 121.4986613,25.10812087 ]
    },
    "properties": {
    "流水號":63,
    "攝影機編號":"065-洲美快焚化爐前",
    "攝影機id":65,
    "影片網址":"https://hls.bote.gov.taipei/live/index.html?id=065",
    "區域":"北投區"
    }
  },
  {
    "type": "Feature",
    "geometry": {
       "type": "Point",
       "coordinates":  [ 121.498663,25.112044 ]
    },
    "properties": {
    "流水號":64,
    "攝影機編號":"066-洲美快13號道路",
    "攝影機id":66,
    "影片網址":"https://hls.bote.gov.taipei/live/index.html?id=066",
    "區域":"北投區"
    }
  },
  {
    "type": "Feature",
    "geometry": {
       "type": "Point",
       "coordinates":  [ 121.499687,25.116961 ]
    },
    "properties": {
    "流水號":65,
    "攝影機編號":"067-洲美快大業路匝道",
    "攝影機id":67,
    "影片網址":"https://hls.bote.gov.taipei/live/index.html?id=067",
    "區域":"北投區"
    }
  },
  {
    "type": "Feature",
    "geometry": {
       "type": "Point",
       "coordinates":  [ 121.499672,25.121141 ]
    },
    "properties": {
    "流水號":66,
    "攝影機編號":"068-大業大度",
    "攝影機id":68,
    "影片網址":"https://hls.bote.gov.taipei/live/index.html?id=068",
    "區域":"北投區"
    }
  },
  {
    "type": "Feature",
    "geometry": {
       "type": "Point",
       "coordinates":  [ 121.505536,25.085722 ]
    },
    "properties": {
    "流水號":67,
    "攝影機編號":"069-環河北中正",
    "攝影機id":69,
    "影片網址":"https://hls.bote.gov.taipei/live/index.html?id=069",
    "區域":"士林區"
    }
  },
  {
    "type": "Feature",
    "geometry": {
       "type": "Point",
       "coordinates":  [ 121.501044,25.090495 ]
    },
    "properties": {
    "流水號":68,
    "攝影機編號":"070-延平社中",
    "攝影機id":70,
    "影片網址":"https://hls.bote.gov.taipei/live/index.html?id=070",
    "區域":"士林區"
    }
  },
  {
    "type": "Feature",
    "geometry": {
       "type": "Point",
       "coordinates":  [ 121.497548,25.093829 ]
    },
    "properties": {
    "流水號":69,
    "攝影機編號":"071-延平北通河西",
    "攝影機id":71,
    "影片網址":"https://hls.bote.gov.taipei/live/index.html?id=071",
    "區域":"士林區"
    }
  },
  {
    "type": "Feature",
    "geometry": {
       "type": "Point",
       "coordinates":  [ 121.497352,25.094381 ]
    },
    "properties": {
    "流水號":70,
    "攝影機編號":"072-延平北通河西(堤防)",
    "攝影機id":72,
    "影片網址":"https://hls.bote.gov.taipei/live/index.html?id=072",
    "區域":"士林區"
    }
  },
  {
    "type": "Feature",
    "geometry": {
       "type": "Point",
       "coordinates":  [ 121.580375,25.004241 ]
    },
    "properties": {
    "流水號":71,
    "攝影機編號":"073-信義快萬芳交流道",
    "攝影機id":73,
    "影片網址":"https://hls.bote.gov.taipei/live/index.html?id=073",
    "區域":"文山區"
    }
  },
  {
    "type": "Feature",
    "geometry": {
       "type": "Point",
       "coordinates":  [ 121.5741417,25.03311944 ]
    },
    "properties": {
    "流水號":72,
    "攝影機編號":"074-信義松德",
    "攝影機id":74,
    "影片網址":"https://hls.bote.gov.taipei/live/index.html?id=074",
    "區域":"信義區"
    }
  },
  {
    "type": "Feature",
    "geometry": {
       "type": "Point",
       "coordinates":  [ 121.568184,25.032612 ]
    },
    "properties": {
    "流水號":73,
    "攝影機編號":"075-信義松仁",
    "攝影機id":75,
    "影片網址":"https://hls.bote.gov.taipei/live/index.html?id=075",
    "區域":"信義區"
    }
  },
  {
    "type": "Feature",
    "geometry": {
       "type": "Point",
       "coordinates":  [ 121.5256463,25.07434992 ]
    },
    "properties": {
    "流水號":74,
    "攝影機編號":"076-新生高圓山",
    "攝影機id":76,
    "影片網址":"https://hls.bote.gov.taipei/live/index.html?id=076",
    "區域":"中山區"
    }
  },
  {
    "type": "Feature",
    "geometry": {
       "type": "Point",
       "coordinates":  [ 121.514607,25.02400181 ]
    },
    "properties": {
    "流水號":75,
    "攝影機編號":"077-環河快詔安街",
    "攝影機id":77,
    "影片網址":"https://hls.bote.gov.taipei/live/index.html?id=077",
    "區域":"中正區"
    }
  },
  {
    "type": "Feature",
    "geometry": {
       "type": "Point",
       "coordinates":  [ 121.5121763,25.02408073 ]
    },
    "properties": {
    "流水號":76,
    "攝影機編號":"078-環河快泉州街",
    "攝影機id":78,
    "影片網址":"https://hls.bote.gov.taipei/live/index.html?id=078",
    "區域":"中正區"
    }
  },
  {
    "type": "Feature",
    "geometry": {
       "type": "Point",
       "coordinates":  [ 121.543298,25.021568 ]
    },
    "properties": {
    "流水號":77,
    "攝影機編號":"079-復興辛亥",
    "攝影機id":79,
    "影片網址":"https://hls.bote.gov.taipei/live/index.html?id=079",
    "區域":"大安區"
    }
  },
  {
    "type": "Feature",
    "geometry": {
       "type": "Point",
       "coordinates":  [ 121.5342047,25.00594153 ]
    },
    "properties": {
    "流水號":78,
    "攝影機編號":"084-水源快溪州街口",
    "攝影機id":84,
    "影片網址":"https://hls.bote.gov.taipei/live/index.html?id=084",
    "區域":"文山區"
    }
  },
  {
    "type": "Feature",
    "geometry": {
       "type": "Point",
       "coordinates":  [ 121.535638,24.997855 ]
    },
    "properties": {
    "流水號":79,
    "攝影機編號":"085-水源快景美出口匝道",
    "攝影機id":85,
    "影片網址":"https://hls.bote.gov.taipei/live/index.html?id=085",
    "區域":"文山區"
    }
  },
  {
    "type": "Feature",
    "geometry": {
       "type": "Point",
       "coordinates":  [ 121.5352933,25.0000574 ]
    },
    "properties": {
    "流水號":80,
    "攝影機編號":"086-水源快景美入口匝道",
    "攝影機id":86,
    "影片網址":"https://hls.bote.gov.taipei/live/index.html?id=086",
    "區域":"文山區"
    }
  },
  {
    "type": "Feature",
    "geometry": {
       "type": "Point",
       "coordinates":  [ 121.5502051,25.02227099 ]
    },
    "properties": {
    "流水號":81,
    "攝影機編號":"087-基隆快樂業街口",
    "攝影機id":87,
    "影片網址":"https://hls.bote.gov.taipei/live/index.html?id=087",
    "區域":"大安區"
    }
  },
  {
    "type": "Feature",
    "geometry": {
       "type": "Point",
       "coordinates":  [ 121.5486272,25.02105815 ]
    },
    "properties": {
    "流水號":82,
    "攝影機編號":"088-基隆快敦化南路",
    "攝影機id":88,
    "影片網址":"https://hls.bote.gov.taipei/live/index.html?id=088",
    "區域":"大安區"
    }
  },
  {
    "type": "Feature",
    "geometry": {
       "type": "Point",
       "coordinates":  [ 121.54171,25.01487 ]
    },
    "properties": {
    "流水號":83,
    "攝影機編號":"089-基隆快辛亥出口匝道",
    "攝影機id":89,
    "影片網址":"https://hls.bote.gov.taipei/live/index.html?id=089",
    "區域":"大安區"
    }
  },
  {
    "type": "Feature",
    "geometry": {
       "type": "Point",
       "coordinates":  [ 121.53398,25.06733 ]
    },
    "properties": {
    "流水號":84,
    "攝影機編號":"090-建國快松江",
    "攝影機id":90,
    "影片網址":"https://hls.bote.gov.taipei/live/index.html?id=090",
    "區域":"中山區"
    }
  },
  {
    "type": "Feature",
    "geometry": {
       "type": "Point",
       "coordinates":  [ 121.5267972,25.07595899 ]
    },
    "properties": {
    "流水號":85,
    "攝影機編號":"091-中山北安",
    "攝影機id":91,
    "影片網址":"https://hls.bote.gov.taipei/live/index.html?id=091",
    "區域":"中山區"
    }
  },
  {
    "type": "Feature",
    "geometry": {
       "type": "Point",
       "coordinates":  [ 121.5443686,25.06658579 ]
    },
    "properties": {
    "流水號":86,
    "攝影機編號":"092-復北隧道南口-民族復興",
    "攝影機id":92,
    "影片網址":"https://hls.bote.gov.taipei/live/index.html?id=092",
    "區域":"中正區"
    }
  },
  {
    "type": "Feature",
    "geometry": {
       "type": "Point",
       "coordinates":  [ 121.54436,25.06731 ]
    },
    "properties": {
    "流水號":87,
    "攝影機編號":"093-復北隧道北向0K+500M",
    "攝影機id":93,
    "影片網址":"https://hls.bote.gov.taipei/live/index.html?id=093",
    "區域":"松山區"
    }
  },
  {
    "type": "Feature",
    "geometry": {
       "type": "Point",
       "coordinates":  [ 121.544434,25.069681 ]
    },
    "properties": {
    "流水號":88,
    "攝影機編號":"094-復北隧道北向0K+623M",
    "攝影機id":94,
    "影片網址":"https://hls.bote.gov.taipei/live/index.html?id=094",
    "區域":"松山區"
    }
  },
  {
    "type": "Feature",
    "geometry": {
       "type": "Point",
       "coordinates":  [ 121.54432,25.06955 ]
    },
    "properties": {
    "流水號":89,
    "攝影機編號":"095-復北隧道北向0K+750M",
    "攝影機id":95,
    "影片網址":"https://hls.bote.gov.taipei/live/index.html?id=095",
    "區域":"松山區"
    }
  },
  {
    "type": "Feature",
    "geometry": {
       "type": "Point",
       "coordinates":  [ 121.54431,25.07061 ]
    },
    "properties": {
    "流水號":90,
    "攝影機編號":"096-復北隧道北向0K+876M",
    "攝影機id":96,
    "影片網址":"https://hls.bote.gov.taipei/live/index.html?id=096",
    "區域":"松山區"
    }
  },
  {
    "type": "Feature",
    "geometry": {
       "type": "Point",
       "coordinates":  [ 121.54417,25.07197 ]
    },
    "properties": {
    "流水號":91,
    "攝影機編號":"097-復北隧道北口-濱江大直橋",
    "攝影機id":97,
    "影片網址":"https://hls.bote.gov.taipei/live/index.html?id=097",
    "區域":"中山區"
    }
  },
  {
    "type": "Feature",
    "geometry": {
       "type": "Point",
       "coordinates":  [ 121.54426,25.07127 ]
    },
    "properties": {
    "流水號":92,
    "攝影機編號":"098-復北隧道南向0K+955M",
    "攝影機id":98,
    "影片網址":"https://hls.bote.gov.taipei/live/index.html?id=098",
    "區域":"中山區"
    }
  },
  {
    "type": "Feature",
    "geometry": {
       "type": "Point",
       "coordinates":  [ 121.54425,25.07019 ]
    },
    "properties": {
    "流水號":93,
    "攝影機編號":"099-復北隧道南向0K+830M",
    "攝影機id":99,
    "影片網址":"https://hls.bote.gov.taipei/live/index.html?id=099",
    "區域":"松山區"
    }
  },
  {
    "type": "Feature",
    "geometry": {
       "type": "Point",
       "coordinates":  [ 121.54423,25.06915 ]
    },
    "properties": {
    "流水號":94,
    "攝影機編號":"100-復北隧道南向0K+705M",
    "攝影機id":100,
    "影片網址":"https://hls.bote.gov.taipei/live/index.html?id=100",
    "區域":"松山區"
    }
  },
  {
    "type": "Feature",
    "geometry": {
       "type": "Point",
       "coordinates":  [ 121.54425,25.06803 ]
    },
    "properties": {
    "流水號":95,
    "攝影機編號":"101-復北隧道南向0K+580M",
    "攝影機id":101,
    "影片網址":"https://hls.bote.gov.taipei/live/index.html?id=101",
    "區域":"松山區"
    }
  },
  {
    "type": "Feature",
    "geometry": {
       "type": "Point",
       "coordinates":  [ 121.60913,25.08091 ]
    },
    "properties": {
    "流水號":96,
    "攝影機編號":"102-東湖隧道北向0K+295M",
    "攝影機id":102,
    "影片網址":"https://hls.bote.gov.taipei/live/index.html?id=102",
    "區域":"內湖區"
    }
  },
  {
    "type": "Feature",
    "geometry": {
       "type": "Point",
       "coordinates":  [ 121.61074,25.07939 ]
    },
    "properties": {
    "流水號":97,
    "攝影機編號":"103-東湖隧道南向0K+593M",
    "攝影機id":103,
    "影片網址":"https://hls.bote.gov.taipei/live/index.html?id=103",
    "區域":"內湖區"
    }
  },
  {
    "type": "Feature",
    "geometry": {
       "type": "Point",
       "coordinates":  [ 121.61263,25.07823 ]
    },
    "properties": {
    "流水號":98,
    "攝影機編號":"104-東湖隧道南向0K+770M",
    "攝影機id":104,
    "影片網址":"https://hls.bote.gov.taipei/live/index.html?id=104",
    "區域":"內湖區"
    }
  },
  {
    "type": "Feature",
    "geometry": {
       "type": "Point",
       "coordinates":  [ 121.61605,25.07838 ]
    },
    "properties": {
    "流水號":99,
    "攝影機編號":"105-東湖隧道北向1K+115M",
    "攝影機id":105,
    "影片網址":"https://hls.bote.gov.taipei/live/index.html?id=105",
    "區域":"內湖區"
    }
  },
  {
    "type": "Feature",
    "geometry": {
       "type": "Point",
       "coordinates":  [ 121.61745,25.07861 ]
    },
    "properties": {
    "流水號":100,
    "攝影機編號":"106-東湖隧道南向1K+245M",
    "攝影機id":106,
    "影片網址":"https://hls.bote.gov.taipei/live/index.html?id=106",
    "區域":"內湖區"
    }
  },
  {
    "type": "Feature",
    "geometry": {
       "type": "Point",
       "coordinates":  [ 121.61963,25.07963 ]
    },
    "properties": {
    "流水號":101,
    "攝影機編號":"107-東湖隧道北向1K+500M",
    "攝影機id":107,
    "影片網址":"https://hls.bote.gov.taipei/live/index.html?id=107",
    "區域":"內湖區"
    }
  },
  {
    "type": "Feature",
    "geometry": {
       "type": "Point",
       "coordinates":  [ 121.62226,25.07864 ]
    },
    "properties": {
    "流水號":102,
    "攝影機編號":"108-東湖隧道北向1K+777M",
    "攝影機id":108,
    "影片網址":"https://hls.bote.gov.taipei/live/index.html?id=108",
    "區域":"內湖區"
    }
  },
  {
    "type": "Feature",
    "geometry": {
       "type": "Point",
       "coordinates":  [ 121.565307,25.082148 ]
    },
    "properties": {
    "流水號":103,
    "攝影機編號":"109-內湖環山",
    "攝影機id":109,
    "影片網址":"https://hls.bote.gov.taipei/live/index.html?id=109",
    "區域":"內湖區"
    }
  },
  {
    "type": "Feature",
    "geometry": {
       "type": "Point",
       "coordinates":  [ 121.57003,25.07732 ]
    },
    "properties": {
    "流水號":104,
    "攝影機編號":"110-堤頂樂群一",
    "攝影機id":110,
    "影片網址":"https://hls.bote.gov.taipei/live/index.html?id=110",
    "區域":"內湖區"
    }
  },
  {
    "type": "Feature",
    "geometry": {
       "type": "Point",
       "coordinates":  [ 121.564125,25.078604 ]
    },
    "properties": {
    "流水號":105,
    "攝影機編號":"111-堤頂基湖(東南角)",
    "攝影機id":111,
    "影片網址":"https://hls.bote.gov.taipei/live/index.html?id=111",
    "區域":"中山區"
    }
  },
  {
    "type": "Feature",
    "geometry": {
       "type": "Point",
       "coordinates":  [ 121.563957,25.078972 ]
    },
    "properties": {
    "流水號":106,
    "攝影機編號":"112-堤頂基湖(西南角)",
    "攝影機id":112,
    "影片網址":"https://hls.bote.gov.taipei/live/index.html?id=112",
    "區域":"中山區"
    }
  },
  {
    "type": "Feature",
    "geometry": {
       "type": "Point",
       "coordinates":  [ 121.574814,25.076233 ]
    },
    "properties": {
    "流水號":107,
    "攝影機編號":"113-瑞光港墘(台北登峰)",
    "攝影機id":113,
    "影片網址":"https://hls.bote.gov.taipei/live/index.html?id=113",
    "區域":"內湖區"
    }
  },
  {
    "type": "Feature",
    "geometry": {
       "type": "Point",
       "coordinates":  [ 121.57355,25.07532 ]
    },
    "properties": {
    "流水號":108,
    "攝影機編號":"114-港墘路220號(遠傳港墘大樓)",
    "攝影機id":114,
    "影片網址":"https://hls.bote.gov.taipei/live/index.html?id=114",
    "區域":"內湖區"
    }
  },
  {
    "type": "Feature",
    "geometry": {
       "type": "Point",
       "coordinates":  [ 121.574409,25.071665 ]
    },
    "properties": {
    "流水號":109,
    "攝影機編號":"115-舊宗路2段181巷口",
    "攝影機id":115,
    "影片網址":"https://hls.bote.gov.taipei/live/index.html?id=115",
    "區域":"內湖區"
    }
  },
  {
    "type": "Feature",
    "geometry": {
       "type": "Point",
       "coordinates":  [ 121.574753,25.067524 ]
    },
    "properties": {
    "流水號":110,
    "攝影機編號":"117- 舊宗路2段與民權東路6段11巷25弄口",
    "攝影機id":117,
    "影片網址":"https://hls.bote.gov.taipei/live/index.html?id=117",
    "區域":"內湖區"
    }
  },
  {
    "type": "Feature",
    "geometry": {
       "type": "Point",
       "coordinates":  [ 121.5752,25.06558 ]
    },
    "properties": {
    "流水號":111,
    "攝影機編號":"119-民權舊宗路口",
    "攝影機id":119,
    "影片網址":"https://hls.bote.gov.taipei/live/index.html?id=119",
    "區域":"內湖區"
    }
  },
  {
    "type": "Feature",
    "geometry": {
       "type": "Point",
       "coordinates":  [ 121.572258,25.06488 ]
    },
    "properties": {
    "流水號":112,
    "攝影機編號":"120-民權東路6段與堤頂大道1段路口號誌桿",
    "攝影機id":120,
    "影片網址":"https://hls.bote.gov.taipei/live/index.html?id=120",
    "區域":"內湖區"
    }
  },
  {
    "type": "Feature",
    "geometry": {
       "type": "Point",
       "coordinates":  [ 121.550159,24.98746 ]
    },
    "properties": {
    "流水號":113,
    "攝影機編號":"121-木柵路1段與木柵路1段76巷口號誌桿",
    "攝影機id":121,
    "影片網址":"https://hls.bote.gov.taipei/live/index.html?id=121",
    "區域":"文山區"
    }
  },
  {
    "type": "Feature",
    "geometry": {
       "type": "Point",
       "coordinates":  [ 121.5822339,25.05563424 ]
    },
    "properties": {
    "流水號":114,
    "攝影機編號":"122-新明路成美橋",
    "攝影機id":122,
    "影片網址":"https://hls.bote.gov.taipei/live/index.html?id=122",
    "區域":"內湖區"
    }
  },
  {
    "type": "Feature",
    "geometry": {
       "type": "Point",
       "coordinates":  [ 121.612182,25.068992 ]
    },
    "properties": {
    "流水號":115,
    "攝影機編號":"124-康寧東湖",
    "攝影機id":124,
    "影片網址":"https://hls.bote.gov.taipei/live/index.html?id=124",
    "區域":"內湖區"
    }
  },
  {
    "type": "Feature",
    "geometry": {
       "type": "Point",
       "coordinates":  [ 121.5530827,25.01374605 ]
    },
    "properties": {
    "流水號":116,
    "攝影機編號":"125-二殯西北角(辛亥路三段330號)",
    "攝影機id":125,
    "影片網址":"https://hls.bote.gov.taipei/live/index.html?id=125",
    "區域":"大安區"
    }
  },
  {
    "type": "Feature",
    "geometry": {
       "type": "Point",
       "coordinates":  [ 121.5469487,25.01430573 ]
    },
    "properties": {
    "流水號":117,
    "攝影機編號":"126-芳蘭路-基隆路三段155巷176弄",
    "攝影機id":126,
    "影片網址":"https://hls.bote.gov.taipei/live/index.html?id=126",
    "區域":"大安區"
    }
  },
  {
    "type": "Feature",
    "geometry": {
       "type": "Point",
       "coordinates":  [ 121.5490423,25.01694323 ]
    },
    "properties": {
    "流水號":118,
    "攝影機編號":"127-辛亥路-芳蘭路(門架上)",
    "攝影機id":127,
    "影片網址":"https://hls.bote.gov.taipei/live/index.html?id=127",
    "區域":"大安區"
    }
  },
  {
    "type": "Feature",
    "geometry": {
       "type": "Point",
       "coordinates":  [ 121.565483,25.032854 ]
    },
    "properties": {
    "流水號":119,
    "攝影機編號":"128-信義松智東南角",
    "攝影機id":128,
    "影片網址":"https://hls.bote.gov.taipei/live/index.html?id=128",
    "區域":"信義區"
    }
  },
  {
    "type": "Feature",
    "geometry": {
       "type": "Point",
       "coordinates":  [ 121.557732,25.041399 ]
    },
    "properties": {
    "流水號":120,
    "攝影機編號":"129-忠孝光復",
    "攝影機id":129,
    "影片網址":"https://hls.bote.gov.taipei/live/index.html?id=129",
    "區域":"信義區"
    }
  },
  {
    "type": "Feature",
    "geometry": {
       "type": "Point",
       "coordinates":  [ 121.56469,25.041418 ]
    },
    "properties": {
    "流水號":121,
    "攝影機編號":"130-忠孝基隆",
    "攝影機id":130,
    "影片網址":"https://hls.bote.gov.taipei/live/index.html?id=130",
    "區域":"信義區"
    }
  },
  {
    "type": "Feature",
    "geometry": {
       "type": "Point",
       "coordinates":  [ 121.578094,25.040913 ]
    },
    "properties": {
    "流水號":122,
    "攝影機編號":"131-忠孝松山",
    "攝影機id":131,
    "影片網址":"https://hls.bote.gov.taipei/live/index.html?id=131",
    "區域":"信義區"
    }
  },
  {
    "type": "Feature",
    "geometry": {
       "type": "Point",
       "coordinates":  [ 121.557777,25.037724 ]
    },
    "properties": {
    "流水號":123,
    "攝影機編號":"132-仁愛光復",
    "攝影機id":132,
    "影片網址":"https://hls.bote.gov.taipei/live/index.html?id=132",
    "區域":"信義區"
    }
  },
  {
    "type": "Feature",
    "geometry": {
       "type": "Point",
       "coordinates":  [ 121.565567,25.039202 ]
    },
    "properties": {
    "流水號":124,
    "攝影機編號":"133-松高松智",
    "攝影機id":133,
    "影片網址":"https://hls.bote.gov.taipei/live/index.html?id=133",
    "區域":"信義區"
    }
  },
  {
    "type": "Feature",
    "geometry": {
       "type": "Point",
       "coordinates":  [ 121.568314,25.03578 ]
    },
    "properties": {
    "流水號":125,
    "攝影機編號":"134-松仁松壽",
    "攝影機id":134,
    "影片網址":"https://hls.bote.gov.taipei/live/index.html?id=134",
    "區域":"信義區"
    }
  },
  {
    "type": "Feature",
    "geometry": {
       "type": "Point",
       "coordinates":  [ 121.559769,25.033039 ]
    },
    "properties": {
    "流水號":126,
    "攝影機編號":"135-基隆信義",
    "攝影機id":135,
    "影片網址":"https://hls.bote.gov.taipei/live/index.html?id=135",
    "區域":"信義區"
    }
  },
  {
    "type": "Feature",
    "geometry": {
       "type": "Point",
       "coordinates":  [ 121.559769,25.033039 ]
    },
    "properties": {
    "流水號":127,
    "攝影機編號":"136-基隆光復",
    "攝影機id":136,
    "影片網址":"https://hls.bote.gov.taipei/live/index.html?id=136",
    "區域":"信義區"
    }
  },
  {
    "type": "Feature",
    "geometry": {
       "type": "Point",
       "coordinates":  [ 121.563805,25.036091 ]
    },
    "properties": {
    "流水號":128,
    "攝影機編號":"137-市府西南(松壽市府)",
    "攝影機id":137,
    "影片網址":"https://hls.bote.gov.taipei/live/index.html?id=137",
    "區域":"信義區"
    }
  },
  {
    "type": "Feature",
    "geometry": {
       "type": "Point",
       "coordinates":  [ 121.565224,25.036072 ]
    },
    "properties": {
    "流水號":129,
    "攝影機編號":"138-市府東南(松壽松智)",
    "攝影機id":138,
    "影片網址":"https://hls.bote.gov.taipei/live/index.html?id=138",
    "區域":"信義區"
    }
  },
  {
    "type": "Feature",
    "geometry": {
       "type": "Point",
       "coordinates":  [ 121.565269,25.038872 ]
    },
    "properties": {
    "流水號":130,
    "攝影機編號":"139-市府東北(松高松智)",
    "攝影機id":139,
    "影片網址":"https://hls.bote.gov.taipei/live/index.html?id=139",
    "區域":"信義區"
    }
  },
  {
    "type": "Feature",
    "geometry": {
       "type": "Point",
       "coordinates":  [ 121.563782,25.038948 ]
    },
    "properties": {
    "流水號":131,
    "攝影機編號":"140-市府西北(松高市府)",
    "攝影機id":140,
    "影片網址":"https://hls.bote.gov.taipei/live/index.html?id=140",
    "區域":"信義區"
    }
  },
  {
    "type": "Feature",
    "geometry": {
       "type": "Point",
       "coordinates":  [ 121.551575,25.085754 ]
    },
    "properties": {
    "流水號":132,
    "攝影機編號":"141-北安明水(近大直橋)",
    "攝影機id":141,
    "影片網址":"https://hls.bote.gov.taipei/live/index.html?id=141",
    "區域":"中山區"
    }
  },
  {
    "type": "Feature",
    "geometry": {
       "type": "Point",
       "coordinates":  [ 121.552841,25.085871 ]
    },
    "properties": {
    "流水號":133,
    "攝影機編號":"142-北安明水(近自強隧道)",
    "攝影機id":142,
    "影片網址":"https://hls.bote.gov.taipei/live/index.html?id=142",
    "區域":"中山區"
    }
  },
  {
    "type": "Feature",
    "geometry": {
       "type": "Point",
       "coordinates":  [ 121.56076,25.0842 ]
    },
    "properties": {
    "流水號":134,
    "攝影機編號":"143-內湖堤頂(西側)",
    "攝影機id":143,
    "影片網址":"https://hls.bote.gov.taipei/live/index.html?id=143",
    "區域":"中山區"
    }
  },
  {
    "type": "Feature",
    "geometry": {
       "type": "Point",
       "coordinates":  [ 121.576591,25.079613 ]
    },
    "properties": {
    "流水號":135,
    "攝影機編號":"145-內湖港墘",
    "攝影機id":145,
    "影片網址":"https://hls.bote.gov.taipei/live/index.html?id=145",
    "區域":"內湖區"
    }
  },
  {
    "type": "Feature",
    "geometry": {
       "type": "Point",
       "coordinates":  [ 121.589599,25.079314 ]
    },
    "properties": {
    "流水號":136,
    "攝影機編號":"146-成功文德",
    "攝影機id":146,
    "影片網址":"https://hls.bote.gov.taipei/live/index.html?id=146",
    "區域":"內湖區"
    }
  },
  {
    "type": "Feature",
    "geometry": {
       "type": "Point",
       "coordinates":  [ 121.550697,25.077282 ]
    },
    "properties": {
    "流水號":137,
    "攝影機編號":"147-明水樂群一路",
    "攝影機id":147,
    "影片網址":"https://hls.bote.gov.taipei/live/index.html?id=147",
    "區域":"中山區"
    }
  },
  {
    "type": "Feature",
    "geometry": {
       "type": "Point",
       "coordinates":  [ 121.556145,25.079866 ]
    },
    "properties": {
    "流水號":138,
    "攝影機編號":"148-敬業三路樂群二路",
    "攝影機id":148,
    "影片網址":"https://hls.bote.gov.taipei/live/index.html?id=148",
    "區域":"中山區"
    }
  },
  {
    "type": "Feature",
    "geometry": {
       "type": "Point",
       "coordinates":  [ 121.569426,25.078963 ]
    },
    "properties": {
    "流水號":139,
    "攝影機編號":"149-瑞光路478巷口",
    "攝影機id":149,
    "影片網址":"https://hls.bote.gov.taipei/live/index.html?id=149",
    "區域":"內湖區"
    }
  },
  {
    "type": "Feature",
    "geometry": {
       "type": "Point",
       "coordinates":  [ 121.579063,25.073568 ]
    },
    "properties": {
    "流水號":140,
    "攝影機編號":"150-瑞光陽光(瑞光社宅)",
    "攝影機id":150,
    "影片網址":"https://hls.bote.gov.taipei/live/index.html?id=150",
    "區域":"內湖區"
    }
  },
  {
    "type": "Feature",
    "geometry": {
       "type": "Point",
       "coordinates":  [ 121.56855,25.077263 ]
    },
    "properties": {
    "流水號":141,
    "攝影機編號":"151-堤頂大道樂群一路",
    "攝影機id":151,
    "影片網址":"https://hls.bote.gov.taipei/live/index.html?id=151",
    "區域":"中山區"
    }
  },
  {
    "type": "Feature",
    "geometry": {
       "type": "Point",
       "coordinates":  [ 121.5724,25.07461 ]
    },
    "properties": {
    "流水號":142,
    "攝影機編號":"152-堤頂大道1段與港墘路口往北",
    "攝影機id":152,
    "影片網址":"https://hls.bote.gov.taipei/live/index.html?id=152",
    "區域":"中山區"
    }
  },
  {
    "type": "Feature",
    "geometry": {
       "type": "Point",
       "coordinates":  [ 121.578331,25.066748 ]
    },
    "properties": {
    "流水號":143,
    "攝影機編號":"153-民權行愛",
    "攝影機id":153,
    "影片網址":"https://hls.bote.gov.taipei/live/index.html?id=153",
    "區域":"內湖區"
    }
  },
  {
    "type": "Feature",
    "geometry": {
       "type": "Point",
       "coordinates":  [ 121.583979,25.068633 ]
    },
    "properties": {
    "流水號":144,
    "攝影機編號":"154-民權瑞光",
    "攝影機id":154,
    "影片網址":"https://hls.bote.gov.taipei/live/index.html?id=154",
    "區域":"內湖區"
    }
  },
  {
    "type": "Feature",
    "geometry": {
       "type": "Point",
       "coordinates":  [ 121.590592,25.069049 ]
    },
    "properties": {
    "流水號":145,
    "攝影機編號":"155-民權成功",
    "攝影機id":155,
    "影片網址":"https://hls.bote.gov.taipei/live/index.html?id=155",
    "區域":"內湖區"
    }
  },
  {
    "type": "Feature",
    "geometry": {
       "type": "Point",
       "coordinates":  [ 121.578247,25.06175 ]
    },
    "properties": {
    "流水號":146,
    "攝影機編號":"156-舊宗新湖二路",
    "攝影機id":156,
    "影片網址":"https://hls.bote.gov.taipei/live/index.html?id=156",
    "區域":"內湖區"
    }
  },
  {
    "type": "Feature",
    "geometry": {
       "type": "Point",
       "coordinates":  [ 121.525623,25.084018 ]
    },
    "properties": {
    "流水號":147,
    "攝影機編號":"157-中山劍潭(東側)",
    "攝影機id":157,
    "影片網址":"https://hls.bote.gov.taipei/live/index.html?id=157",
    "區域":"士林區"
    }
  },
  {
    "type": "Feature",
    "geometry": {
       "type": "Point",
       "coordinates":  [ 121.511231,25.063051 ]
    },
    "properties": {
    "流水號":148,
    "攝影機編號":"158-延平民權(進城)",
    "攝影機id":158,
    "影片網址":"https://hls.bote.gov.taipei/live/index.html?id=158",
    "區域":"大同區"
    }
  },
  {
    "type": "Feature",
    "geometry": {
       "type": "Point",
       "coordinates":  [ 121.51126,25.062825 ]
    },
    "properties": {
    "流水號":149,
    "攝影機編號":"159-延平民權(出城)",
    "攝影機id":159,
    "影片網址":"https://hls.bote.gov.taipei/live/index.html?id=159",
    "區域":"大同區"
    }
  },
  {
    "type": "Feature",
    "geometry": {
       "type": "Point",
       "coordinates":  [ 121.518059,25.062883 ]
    },
    "properties": {
    "流水號":150,
    "攝影機編號":"160-民權承德(西側)",
    "攝影機id":160,
    "影片網址":"https://hls.bote.gov.taipei/live/index.html?id=160",
    "區域":"大同區"
    }
  },
  {
    "type": "Feature",
    "geometry": {
       "type": "Point",
       "coordinates":  [ 121.51798,25.062911 ]
    },
    "properties": {
    "流水號":151,
    "攝影機編號":"161-民權承德(東側)",
    "攝影機id":161,
    "影片網址":"https://hls.bote.gov.taipei/live/index.html?id=161",
    "區域":"大同區"
    }
  },
  {
    "type": "Feature",
    "geometry": {
       "type": "Point",
       "coordinates":  [ 121.513364,25.049276 ]
    },
    "properties": {
    "流水號":152,
    "攝影機編號":"162-市民重慶(東側)",
    "攝影機id":162,
    "影片網址":"https://hls.bote.gov.taipei/live/index.html?id=162",
    "區域":"中正區"
    }
  },
  {
    "type": "Feature",
    "geometry": {
       "type": "Point",
       "coordinates":  [ 121.516345,25.048769 ]
    },
    "properties": {
    "流水號":153,
    "攝影機編號":"163-市民承德(南側)",
    "攝影機id":163,
    "影片網址":"https://hls.bote.gov.taipei/live/index.html?id=163",
    "區域":"大同區"
    }
  },
  {
    "type": "Feature",
    "geometry": {
       "type": "Point",
       "coordinates":  [ 121.516423,25.048552 ]
    },
    "properties": {
    "流水號":154,
    "攝影機編號":"164-市民承德(西側)",
    "攝影機id":164,
    "影片網址":"https://hls.bote.gov.taipei/live/index.html?id=164",
    "區域":"中正區"
    }
  },
  {
    "type": "Feature",
    "geometry": {
       "type": "Point",
       "coordinates":  [ 121.520593,25.047942 ]
    },
    "properties": {
    "流水號":155,
    "攝影機編號":"165-市民中山(西南角)",
    "攝影機id":165,
    "影片網址":"https://hls.bote.gov.taipei/live/index.html?id=165",
    "區域":"中正區"
    }
  },
  {
    "type": "Feature",
    "geometry": {
       "type": "Point",
       "coordinates":  [ 121.520594,25.048132 ]
    },
    "properties": {
    "流水號":156,
    "攝影機編號":"166-市民中山(西北角)",
    "攝影機id":166,
    "影片網址":"https://hls.bote.gov.taipei/live/index.html?id=166",
    "區域":"中山區"
    }
  },
  {
    "type": "Feature",
    "geometry": {
       "type": "Point",
       "coordinates":  [ 121.512255,25.035305 ]
    },
    "properties": {
    "流水號":157,
    "攝影機編號":"167-重慶愛國(西側)",
    "攝影機id":167,
    "影片網址":"https://hls.bote.gov.taipei/live/index.html?id=167",
    "區域":"中正區"
    }
  },
  {
    "type": "Feature",
    "geometry": {
       "type": "Point",
       "coordinates":  [ 121.525374,25.020886 ]
    },
    "properties": {
    "流水號":158,
    "攝影機編號":"168-師大汀州(南側)",
    "攝影機id":168,
    "影片網址":"https://hls.bote.gov.taipei/live/index.html?id=168",
    "區域":"中正區"
    }
  },
  {
    "type": "Feature",
    "geometry": {
       "type": "Point",
       "coordinates":  [ 121.54248,25.01591 ]
    },
    "properties": {
    "流水號":159,
    "攝影機編號":"169-基隆路3段156巷",
    "攝影機id":169,
    "影片網址":"https://hls.bote.gov.taipei/live/index.html?id=169",
    "區域":"大安區"
    }
  },
  {
    "type": "Feature",
    "geometry": {
       "type": "Point",
       "coordinates":  [ 121.531481,25.017381 ]
    },
    "properties": {
    "流水號":160,
    "攝影機編號":"171-羅斯福路3段244巷口(台電大樓)",
    "攝影機id":171,
    "影片網址":"https://hls.bote.gov.taipei/live/index.html?id=171",
    "區域":"中正區"
    }
  },
  {
    "type": "Feature",
    "geometry": {
       "type": "Point",
       "coordinates":  [ 121.537289,25.010831 ]
    },
    "properties": {
    "流水號":161,
    "攝影機編號":"172-基隆羅斯(東南角)",
    "攝影機id":172,
    "影片網址":"https://hls.bote.gov.taipei/live/index.html?id=172",
    "區域":"大安區"
    }
  },
  {
    "type": "Feature",
    "geometry": {
       "type": "Point",
       "coordinates":  [ 121.548706,25.038298 ]
    },
    "properties": {
    "流水號":162,
    "攝影機編號":"173-仁愛敦化(北側)",
    "攝影機id":173,
    "影片網址":"https://hls.bote.gov.taipei/live/index.html?id=173",
    "區域":"大安區"
    }
  },
  {
    "type": "Feature",
    "geometry": {
       "type": "Point",
       "coordinates":  [ 121.548228,25.037939 ]
    },
    "properties": {
    "流水號":163,
    "攝影機編號":"174-仁愛敦化(西側)",
    "攝影機id":174,
    "影片網址":"https://hls.bote.gov.taipei/live/index.html?id=174",
    "區域":"大安區"
    }
  },
  {
    "type": "Feature",
    "geometry": {
       "type": "Point",
       "coordinates":  [ 121.549397,25.037853 ]
    },
    "properties": {
    "流水號":164,
    "攝影機編號":"175-仁愛敦化(東側)",
    "攝影機id":175,
    "影片網址":"https://hls.bote.gov.taipei/live/index.html?id=175",
    "區域":"大安區"
    }
  },
  {
    "type": "Feature",
    "geometry": {
       "type": "Point",
       "coordinates":  [ 121.548781,25.037332 ]
    },
    "properties": {
    "流水號":165,
    "攝影機編號":"176-仁愛敦化(南側)",
    "攝影機id":176,
    "影片網址":"https://hls.bote.gov.taipei/live/index.html?id=176",
    "區域":"大安區"
    }
  },
  {
    "type": "Feature",
    "geometry": {
       "type": "Point",
       "coordinates":  [ 121.564394,25.041319 ]
    },
    "properties": {
    "流水號":166,
    "攝影機編號":"177-基隆路北往南主車道1(基隆忠孝)",
    "攝影機id":177,
    "影片網址":"https://hls.bote.gov.taipei/live/index.html?id=177",
    "區域":"信義區"
    }
  },
  {
    "type": "Feature",
    "geometry": {
       "type": "Point",
       "coordinates":  [ 121.5642727,25.04104561 ]
    },
    "properties": {
    "流水號":167,
    "攝影機編號":"178-基隆路北往南主車道2(基隆忠孝)",
    "攝影機id":178,
    "影片網址":"https://hls.bote.gov.taipei/live/index.html?id=178",
    "區域":"信義區"
    }
  },
  {
    "type": "Feature",
    "geometry": {
       "type": "Point",
       "coordinates":  [ 121.564265,25.041097 ]
    },
    "properties": {
    "流水號":168,
    "攝影機編號":"179-基隆路北往南主車道3(基隆忠孝)",
    "攝影機id":179,
    "影片網址":"https://hls.bote.gov.taipei/live/index.html?id=179",
    "區域":"信義區"
    }
  },
  {
    "type": "Feature",
    "geometry": {
       "type": "Point",
       "coordinates":  [ 121.563682,25.039173 ]
    },
    "properties": {
    "流水號":169,
    "攝影機編號":"180-基隆路北往南主車道4(基隆松高)",
    "攝影機id":180,
    "影片網址":"https://hls.bote.gov.taipei/live/index.html?id=180",
    "區域":"信義區"
    }
  },
  {
    "type": "Feature",
    "geometry": {
       "type": "Point",
       "coordinates":  [ 121.563516,25.039187 ]
    },
    "properties": {
    "流水號":170,
    "攝影機編號":"181-基隆路北往南主車道5(基隆松高)",
    "攝影機id":181,
    "影片網址":"https://hls.bote.gov.taipei/live/index.html?id=181",
    "區域":"信義區"
    }
  },
  {
    "type": "Feature",
    "geometry": {
       "type": "Point",
       "coordinates":  [ 121.561488,25.035936 ]
    },
    "properties": {
    "流水號":171,
    "攝影機編號":"182-基隆路北往南主車道6(基隆松壽)",
    "攝影機id":182,
    "影片網址":"https://hls.bote.gov.taipei/live/index.html?id=182",
    "區域":"信義區"
    }
  },
  {
    "type": "Feature",
    "geometry": {
       "type": "Point",
       "coordinates":  [ 121.561413,25.035858 ]
    },
    "properties": {
    "流水號":172,
    "攝影機編號":"183-基隆路北往南主車道7(基隆松壽)",
    "攝影機id":183,
    "影片網址":"https://hls.bote.gov.taipei/live/index.html?id=183",
    "區域":"信義區"
    }
  },
  {
    "type": "Feature",
    "geometry": {
       "type": "Point",
       "coordinates":  [ 121.561338,25.035722 ]
    },
    "properties": {
    "流水號":173,
    "攝影機編號":"184-基隆路北往南主車道8(基隆松壽)",
    "攝影機id":184,
    "影片網址":"https://hls.bote.gov.taipei/live/index.html?id=184",
    "區域":"信義區"
    }
  },
  {
    "type": "Feature",
    "geometry": {
       "type": "Point",
       "coordinates":  [ 121.561193,25.035916 ]
    },
    "properties": {
    "流水號":174,
    "攝影機編號":"185-基隆路南往北主車道1(基隆松壽)",
    "攝影機id":185,
    "影片網址":"https://hls.bote.gov.taipei/live/index.html?id=185",
    "區域":"信義區"
    }
  },
  {
    "type": "Feature",
    "geometry": {
       "type": "Point",
       "coordinates":  [ 121.561134,25.035824 ]
    },
    "properties": {
    "流水號":175,
    "攝影機編號":"186-基隆路南往北主車道2(基隆松壽)",
    "攝影機id":186,
    "影片網址":"https://hls.bote.gov.taipei/live/index.html?id=186",
    "區域":"信義區"
    }
  },
  {
    "type": "Feature",
    "geometry": {
       "type": "Point",
       "coordinates":  [ 121.561091,25.035761 ]
    },
    "properties": {
    "流水號":176,
    "攝影機編號":"187-基隆路南往北主車道3(基隆松壽)",
    "攝影機id":187,
    "影片網址":"https://hls.bote.gov.taipei/live/index.html?id=187",
    "區域":"信義區"
    }
  },
  {
    "type": "Feature",
    "geometry": {
       "type": "Point",
       "coordinates":  [ 121.563565,25.039156 ]
    },
    "properties": {
    "流水號":177,
    "攝影機編號":"188-基隆路南往北主車道4(基隆松高)",
    "攝影機id":188,
    "影片網址":"https://hls.bote.gov.taipei/live/index.html?id=188",
    "區域":"信義區"
    }
  },
  {
    "type": "Feature",
    "geometry": {
       "type": "Point",
       "coordinates":  [ 121.563624,25.039163 ]
    },
    "properties": {
    "流水號":178,
    "攝影機編號":"189-基隆路南往北主車道5(基隆松高)",
    "攝影機id":189,
    "影片網址":"https://hls.bote.gov.taipei/live/index.html?id=189",
    "區域":"信義區"
    }
  },
  {
    "type": "Feature",
    "geometry": {
       "type": "Point",
       "coordinates":  [ 121.564648,25.041292 ]
    },
    "properties": {
    "流水號":179,
    "攝影機編號":"190-基隆路南往北主車道6(基隆忠孝)",
    "攝影機id":190,
    "影片網址":"https://hls.bote.gov.taipei/live/index.html?id=190",
    "區域":"信義區"
    }
  },
  {
    "type": "Feature",
    "geometry": {
       "type": "Point",
       "coordinates":  [ 121.564589,25.041209 ]
    },
    "properties": {
    "流水號":180,
    "攝影機編號":"191-基隆路南往北主車道7(基隆忠孝)",
    "攝影機id":191,
    "影片網址":"https://hls.bote.gov.taipei/live/index.html?id=191",
    "區域":"信義區"
    }
  },
  {
    "type": "Feature",
    "geometry": {
       "type": "Point",
       "coordinates":  [ 121.564541,25.041112 ]
    },
    "properties": {
    "流水號":181,
    "攝影機編號":"192-基隆路南往北主車道8(基隆忠孝)",
    "攝影機id":192,
    "影片網址":"https://hls.bote.gov.taipei/live/index.html?id=192",
    "區域":"信義區"
    }
  },
  {
    "type": "Feature",
    "geometry": {
       "type": "Point",
       "coordinates":  [ 121.563712,25.039233 ]
    },
    "properties": {
    "流水號":182,
    "攝影機編號":"193-基隆路北往南混合車道1(基隆松高)",
    "攝影機id":193,
    "影片網址":"https://hls.bote.gov.taipei/live/index.html?id=193",
    "區域":"信義區"
    }
  },
  {
    "type": "Feature",
    "geometry": {
       "type": "Point",
       "coordinates":  [ 121.563696,25.039182 ]
    },
    "properties": {
    "流水號":183,
    "攝影機編號":"194-基隆路北往南混合車道2(基隆松高)",
    "攝影機id":194,
    "影片網址":"https://hls.bote.gov.taipei/live/index.html?id=194",
    "區域":"信義區"
    }
  },
  {
    "type": "Feature",
    "geometry": {
       "type": "Point",
       "coordinates":  [ 121.561268,25.03562 ]
    },
    "properties": {
    "流水號":184,
    "攝影機編號":"195-基隆路北往南混合車道3(基隆松壽)",
    "攝影機id":195,
    "影片網址":"https://hls.bote.gov.taipei/live/index.html?id=195",
    "區域":"信義區"
    }
  },
  {
    "type": "Feature",
    "geometry": {
       "type": "Point",
       "coordinates":  [ 121.56122,25.035537 ]
    },
    "properties": {
    "流水號":185,
    "攝影機編號":"196-基隆路北往南混合車道4(基隆松壽)",
    "攝影機id":196,
    "影片網址":"https://hls.bote.gov.taipei/live/index.html?id=196",
    "區域":"信義區"
    }
  },
  {
    "type": "Feature",
    "geometry": {
       "type": "Point",
       "coordinates":  [ 121.561059,25.035693 ]
    },
    "properties": {
    "流水號":186,
    "攝影機編號":"197-基隆路南往北混合車道1(基隆松壽)",
    "攝影機id":197,
    "影片網址":"https://hls.bote.gov.taipei/live/index.html?id=197",
    "區域":"信義區"
    }
  },
  {
    "type": "Feature",
    "geometry": {
       "type": "Point",
       "coordinates":  [ 121.561016,25.035596 ]
    },
    "properties": {
    "流水號":187,
    "攝影機編號":"198-基隆路南往北混合車道2(基隆松壽)",
    "攝影機id":198,
    "影片網址":"https://hls.bote.gov.taipei/live/index.html?id=198",
    "區域":"信義區"
    }
  },
  {
    "type": "Feature",
    "geometry": {
       "type": "Point",
       "coordinates":  [ 121.563648,25.039314 ]
    },
    "properties": {
    "流水號":188,
    "攝影機編號":"199-基隆路南往北混合車道3(基隆松高)",
    "攝影機id":199,
    "影片網址":"https://hls.bote.gov.taipei/live/index.html?id=199",
    "區域":"信義區"
    }
  },
  {
    "type": "Feature",
    "geometry": {
       "type": "Point",
       "coordinates":  [ 121.564369,25.041272 ]
    },
    "properties": {
    "流水號":189,
    "攝影機編號":"200-基隆路南往北混合車道4(基隆忠孝)",
    "攝影機id":200,
    "影片網址":"https://hls.bote.gov.taipei/live/index.html?id=200",
    "區域":"信義區"
    }
  },
  {
    "type": "Feature",
    "geometry": {
       "type": "Point",
       "coordinates":  [ 121.549568,25.087173 ]
    },
    "properties": {
    "流水號":190,
    "攝影機編號":"201-自強隧道往故宮入口0K+16M",
    "攝影機id":201,
    "影片網址":"https://hls.bote.gov.taipei/live/index.html?id=201",
    "區域":"中山區"
    }
  },
  {
    "type": "Feature",
    "geometry": {
       "type": "Point",
       "coordinates":  [ 121.549301,25.090467 ]
    },
    "properties": {
    "流水號":191,
    "攝影機編號":"202-自強隧道往故宮入口0K+240M",
    "攝影機id":202,
    "影片網址":"https://hls.bote.gov.taipei/live/index.html?id=202",
    "區域":"中山區"
    }
  },
  {
    "type": "Feature",
    "geometry": {
       "type": "Point",
       "coordinates":  [ 121.548965,25.093479 ]
    },
    "properties": {
    "流水號":192,
    "攝影機編號":"203-自強隧道往故宮入口0K+474M",
    "攝影機id":203,
    "影片網址":"https://hls.bote.gov.taipei/live/index.html?id=203",
    "區域":"士林區"
    }
  },
  {
    "type": "Feature",
    "geometry": {
       "type": "Point",
       "coordinates":  [ 121.548508,25.09413 ]
    },
    "properties": {
    "流水號":193,
    "攝影機編號":"204-自強隧道往大直入口0K+20M",
    "攝影機id":204,
    "影片網址":"https://hls.bote.gov.taipei/live/index.html?id=204",
    "區域":"士林區"
    }
  },
  {
    "type": "Feature",
    "geometry": {
       "type": "Point",
       "coordinates":  [ 121.548637,25.0924 ]
    },
    "properties": {
    "流水號":194,
    "攝影機編號":"205-自強隧道往大直入口0K+326M",
    "攝影機id":205,
    "影片網址":"https://hls.bote.gov.taipei/live/index.html?id=205",
    "區域":"士林區"
    }
  },
  {
    "type": "Feature",
    "geometry": {
       "type": "Point",
       "coordinates":  [ 121.548805,25.089815 ]
    },
    "properties": {
    "流水號":195,
    "攝影機編號":"206-自強隧道往大直入口0K+553M",
    "攝影機id":206,
    "影片網址":"https://hls.bote.gov.taipei/live/index.html?id=206",
    "區域":"中山區"
    }
  },
  {
    "type": "Feature",
    "geometry": {
       "type": "Point",
       "coordinates":  [ 121.554367,25.012644 ]
    },
    "properties": {
    "流水號":196,
    "攝影機編號":"207-辛亥隧道往木柵入口0K+7M",
    "攝影機id":207,
    "影片網址":"https://hls.bote.gov.taipei/live/index.html?id=207",
    "區域":"大安區"
    }
  },
  {
    "type": "Feature",
    "geometry": {
       "type": "Point",
       "coordinates":  [ 121.555557,25.011465 ]
    },
    "properties": {
    "流水號":197,
    "攝影機編號":"208-辛亥隧道往木柵入口0K+179M",
    "攝影機id":208,
    "影片網址":"https://hls.bote.gov.taipei/live/index.html?id=208",
    "區域":"文山區"
    }
  },
  {
    "type": "Feature",
    "geometry": {
       "type": "Point",
       "coordinates":  [ 121.557091,25.00993 ]
    },
    "properties": {
    "流水號":198,
    "攝影機編號":"209-辛亥隧道往木柵入口0K+331M",
    "攝影機id":209,
    "影片網址":"https://hls.bote.gov.taipei/live/index.html?id=209",
    "區域":"文山區"
    }
  },
  {
    "type": "Feature",
    "geometry": {
       "type": "Point",
       "coordinates":  [ 121.557335,25.010065 ]
    },
    "properties": {
    "流水號":199,
    "攝影機編號":"210-辛亥隧道往市區入口0K+7M",
    "攝影機id":210,
    "影片網址":"https://hls.bote.gov.taipei/live/index.html?id=210",
    "區域":"文山區"
    }
  },
  {
    "type": "Feature",
    "geometry": {
       "type": "Point",
       "coordinates":  [ 121.555817,25.011669 ]
    },
    "properties": {
    "流水號":200,
    "攝影機編號":"211-辛亥隧道往市區入口0K+160M",
    "攝影機id":211,
    "影片網址":"https://hls.bote.gov.taipei/live/index.html?id=211",
    "區域":"大安區"
    }
  },
  {
    "type": "Feature",
    "geometry": {
       "type": "Point",
       "coordinates":  [ 121.554642,25.012848 ]
    },
    "properties": {
    "流水號":201,
    "攝影機編號":"212-辛亥隧道往市區入口0K+355M",
    "攝影機id":212,
    "影片網址":"https://hls.bote.gov.taipei/live/index.html?id=212",
    "區域":"大安區"
    }
  },
  {
    "type": "Feature",
    "geometry": {
       "type": "Point",
       "coordinates":  [ 121.61658,25.05931 ]
    },
    "properties": {
    "流水號":202,
    "攝影機編號":"214-經貿二路157巷",
    "攝影機id":214,
    "影片網址":"https://hls.bote.gov.taipei/live/index.html?id=214",
    "區域":"南港區"
    }
  },
  {
    "type": "Feature",
    "geometry": {
       "type": "Point",
       "coordinates":  [ 121.6165,25.058111 ]
    },
    "properties": {
    "流水號":203,
    "攝影機編號":"215-經貿二路105巷口",
    "攝影機id":215,
    "影片網址":"https://hls.bote.gov.taipei/live/index.html?id=215",
    "區域":"南港區"
    }
  },
  {
    "type": "Feature",
    "geometry": {
       "type": "Point",
       "coordinates":  [ 121.618722,25.05475 ]
    },
    "properties": {
    "流水號":204,
    "攝影機編號":"216-南港路經貿一路",
    "攝影機id":216,
    "影片網址":"https://hls.bote.gov.taipei/live/index.html?id=216",
    "區域":"南港區"
    }
  },
  {
    "type": "Feature",
    "geometry": {
       "type": "Point",
       "coordinates":  [ 121.607389,25.054444 ]
    },
    "properties": {
    "流水號":205,
    "攝影機編號":"217-南港路興中路",
    "攝影機id":217,
    "影片網址":"https://hls.bote.gov.taipei/live/index.html?id=217",
    "區域":"南港區"
    }
  },
  {
    "type": "Feature",
    "geometry": {
       "type": "Point",
       "coordinates":  [ 121.617083,25.062694 ]
    },
    "properties": {
    "流水號":206,
    "攝影機編號":"218-經貿一路環東大道槽化島",
    "攝影機id":218,
    "影片網址":"https://hls.bote.gov.taipei/live/index.html?id=218",
    "區域":"南港區"
    }
  },
  {
    "type": "Feature",
    "geometry": {
       "type": "Point",
       "coordinates":  [ 121.612889,25.062778 ]
    },
    "properties": {
    "流水號":207,
    "攝影機編號":"219-環東大道經貿二路出口匝道綠帶",
    "攝影機id":219,
    "影片網址":"https://hls.bote.gov.taipei/live/index.html?id=219",
    "區域":"南港區"
    }
  },
  {
    "type": "Feature",
    "geometry": {
       "type": "Point",
       "coordinates":  [ 121.616226,25.053165 ]
    },
    "properties": {
    "流水號":208,
    "攝影機編號":"220-忠孝東研究院路(車行往北)",
    "攝影機id":220,
    "影片網址":"https://hls.bote.gov.taipei/live/index.html?id=220",
    "區域":"南港區"
    }
  },
  {
    "type": "Feature",
    "geometry": {
       "type": "Point",
       "coordinates":  [ 121.5108646,25.05041733 ]
    },
    "properties": {
    "流水號":209,
    "攝影機編號":"221-龍門大樓頂樓",
    "攝影機id":221,
    "影片網址":"https://hls.bote.gov.taipei/live/index.html?id=221",
    "區域":"大同區"
    }
  },
  {
    "type": "Feature",
    "geometry": {
       "type": "Point",
       "coordinates":  [ 121.594667,25.054722 ]
    },
    "properties": {
    "流水號":210,
    "攝影機編號":"222-向陽重陽",
    "攝影機id":222,
    "影片網址":"https://hls.bote.gov.taipei/live/index.html?id=222",
    "區域":"南港區"
    }
  },
  {
    "type": "Feature",
    "geometry": {
       "type": "Point",
       "coordinates":  [ 121.525806,25.073722 ]
    },
    "properties": {
    "流水號":211,
    "攝影機編號":"223-新生高圓山橋",
    "攝影機id":223,
    "影片網址":"https://hls.bote.gov.taipei/live/index.html?id=223",
    "區域":"中山區"
    }
  },
  {
    "type": "Feature",
    "geometry": {
       "type": "Point",
       "coordinates":  [ 121.527885,25.068029 ]
    },
    "properties": {
    "流水號":212,
    "攝影機編號":"224-新生高民族",
    "攝影機id":224,
    "影片網址":"https://hls.bote.gov.taipei/live/index.html?id=224",
    "區域":"中山區"
    }
  },
  {
    "type": "Feature",
    "geometry": {
       "type": "Point",
       "coordinates":  [ 121.527528,25.062639 ]
    },
    "properties": {
    "流水號":213,
    "攝影機編號":"225-新生高民權",
    "攝影機id":225,
    "影片網址":"https://hls.bote.gov.taipei/live/index.html?id=225",
    "區域":"中山區"
    }
  },
  {
    "type": "Feature",
    "geometry": {
       "type": "Point",
       "coordinates":  [ 121.526944,25.057806 ]
    },
    "properties": {
    "流水號":214,
    "攝影機編號":"226-新生高民生",
    "攝影機id":226,
    "影片網址":"https://hls.bote.gov.taipei/live/index.html?id=226",
    "區域":"中山區"
    }
  },
  {
    "type": "Feature",
    "geometry": {
       "type": "Point",
       "coordinates":  [ 121.528056,25.052361 ]
    },
    "properties": {
    "流水號":215,
    "攝影機編號":"227-新生高南京",
    "攝影機id":227,
    "影片網址":"https://hls.bote.gov.taipei/live/index.html?id=227",
    "區域":"中山區"
    }
  },
  {
    "type": "Feature",
    "geometry": {
       "type": "Point",
       "coordinates":  [ 121.529806,25.048222 ]
    },
    "properties": {
    "流水號":216,
    "攝影機編號":"228-新生高長安",
    "攝影機id":228,
    "影片網址":"https://hls.bote.gov.taipei/live/index.html?id=228",
    "區域":"中山區"
    }
  },
  {
    "type": "Feature",
    "geometry": {
       "type": "Point",
       "coordinates":  [ 121.529972,25.043 ]
    },
    "properties": {
    "流水號":217,
    "攝影機編號":"229-新生高忠孝",
    "攝影機id":229,
    "影片網址":"https://hls.bote.gov.taipei/live/index.html?id=229",
    "區域":"中正區"
    }
  },
  {
    "type": "Feature",
    "geometry": {
       "type": "Point",
       "coordinates":  [ 121.525246,25.102564 ]
    },
    "properties": {
    "流水號":218,
    "攝影機編號":"231-中山北路6段-福國路口",
    "攝影機id":231,
    "影片網址":"https://hls.bote.gov.taipei/live/index.html?id=231",
    "區域":"士林區"
    }
  },
  {
    "type": "Feature",
    "geometry": {
       "type": "Point",
       "coordinates":  [ 121.524197,25.079989 ]
    },
    "properties": {
    "流水號":219,
    "攝影機編號":"232-中山北路-通河街口",
    "攝影機id":232,
    "影片網址":"https://hls.bote.gov.taipei/live/index.html?id=232",
    "區域":"士林區"
    }
  },
  {
    "type": "Feature",
    "geometry": {
       "type": "Point",
       "coordinates":  [ 121.522486,25.063017 ]
    },
    "properties": {
    "流水號":220,
    "攝影機編號":"233-中山北路3段-民權東西路口",
    "攝影機id":233,
    "影片網址":"https://hls.bote.gov.taipei/live/index.html?id=233",
    "區域":"中山區"
    }
  },
  {
    "type": "Feature",
    "geometry": {
       "type": "Point",
       "coordinates":  [ 121.536636,25.099347 ]
    },
    "properties": {
    "流水號":221,
    "攝影機編號":"234-至善路-福林路口",
    "攝影機id":234,
    "影片網址":"https://hls.bote.gov.taipei/live/index.html?id=234",
    "區域":"士林區"
    }
  },
  {
    "type": "Feature",
    "geometry": {
       "type": "Point",
       "coordinates":  [ 121.532342,25.096714 ]
    },
    "properties": {
    "流水號":222,
    "攝影機編號":"235-福林路-雨農路-中正路口",
    "攝影機id":235,
    "影片網址":"https://hls.bote.gov.taipei/live/index.html?id=235",
    "區域":"士林區"
    }
  },
  {
    "type": "Feature",
    "geometry": {
       "type": "Point",
       "coordinates":  [ 121.546461,25.098308 ]
    },
    "properties": {
    "流水號":223,
    "攝影機編號":"236-故宮路-至善路口",
    "攝影機id":236,
    "影片網址":"https://hls.bote.gov.taipei/live/index.html?id=236",
    "區域":"士林區"
    }
  },
  {
    "type": "Feature",
    "geometry": {
       "type": "Point",
       "coordinates":  [ 121.548803,25.082 ]
    },
    "properties": {
    "流水號":224,
    "攝影機編號":"237-北安路595巷口",
    "攝影機id":237,
    "影片網址":"https://hls.bote.gov.taipei/live/index.html?id=237",
    "區域":"中山區"
    }
  },
  {
    "type": "Feature",
    "geometry": {
       "type": "Point",
       "coordinates":  [ 121.544492,25.072428 ]
    },
    "properties": {
    "流水號":225,
    "攝影機編號":"238-濱江街-大直橋路口",
    "攝影機id":238,
    "影片網址":"https://hls.bote.gov.taipei/live/index.html?id=238",
    "區域":"中山區"
    }
  },
  {
    "type": "Feature",
    "geometry": {
       "type": "Point",
       "coordinates":  [ 121.536664,25.072575 ]
    },
    "properties": {
    "流水號":226,
    "攝影機編號":"239- 濱江街150巷口",
    "攝影機id":239,
    "影片網址":"https://hls.bote.gov.taipei/live/index.html?id=239",
    "區域":"中山區"
    }
  },
  {
    "type": "Feature",
    "geometry": {
       "type": "Point",
       "coordinates":  [ 121.535642,25.073139 ]
    },
    "properties": {
    "流水號":227,
    "攝影機編號":"240-濱江街大佳國小大門右側(號誌桿)",
    "攝影機id":240,
    "影片網址":"https://hls.bote.gov.taipei/live/index.html?id=240",
    "區域":"中山區"
    }
  },
  {
    "type": "Feature",
    "geometry": {
       "type": "Point",
       "coordinates":  [ 121.533161,25.068272 ]
    },
    "properties": {
    "流水號":228,
    "攝影機編號":"241-民族東路-建國北路口",
    "攝影機id":241,
    "影片網址":"https://hls.bote.gov.taipei/live/index.html?id=241",
    "區域":"中山區"
    }
  },
  {
    "type": "Feature",
    "geometry": {
       "type": "Point",
       "coordinates":  [ 121.533247,25.062322 ]
    },
    "properties": {
    "流水號":229,
    "攝影機編號":"242-松江路-民權東路口",
    "攝影機id":242,
    "影片網址":"https://hls.bote.gov.taipei/live/index.html?id=242",
    "區域":"中山區"
    }
  },
  {
    "type": "Feature",
    "geometry": {
       "type": "Point",
       "coordinates":  [ 121.544333,25.063311 ]
    },
    "properties": {
    "流水號":230,
    "攝影機編號":"243-復興北路427巷(往北)",
    "攝影機id":243,
    "影片網址":"https://hls.bote.gov.taipei/live/index.html?id=243",
    "區域":"松山區"
    }
  },
  {
    "type": "Feature",
    "geometry": {
       "type": "Point",
       "coordinates":  [ 121.510728,25.068689 ]
    },
    "properties": {
    "流水號":231,
    "攝影機編號":"244-民族西路-延平北路口",
    "攝影機id":244,
    "影片網址":"https://hls.bote.gov.taipei/live/index.html?id=244",
    "區域":"大同區"
    }
  },
  {
    "type": "Feature",
    "geometry": {
       "type": "Point",
       "coordinates":  [ 121.544194,25.063311 ]
    },
    "properties": {
    "流水號":232,
    "攝影機編號":"245-復興北路427巷(往南)",
    "攝影機id":245,
    "影片網址":"https://hls.bote.gov.taipei/live/index.html?id=245",
    "區域":"中山區"
    }
  },
  {
    "type": "Feature",
    "geometry": {
       "type": "Point",
       "coordinates":  [ 121.518578,25.071995 ]
    },
    "properties": {
    "流水號":233,
    "攝影機編號":"246-承德-庫倫",
    "攝影機id":246,
    "影片網址":"https://hls.bote.gov.taipei/live/index.html?id=246",
    "區域":"大同區"
    }
  },
  {
    "type": "Feature",
    "geometry": {
       "type": "Point",
       "coordinates":  [ 121.54436,25.07981 ]
    },
    "properties": {
    "流水號":234,
    "攝影機編號":"247-北安路-大直橋頭",
    "攝影機id":247,
    "影片網址":"https://hls.bote.gov.taipei/live/index.html?id=247",
    "區域":"中山區"
    }
  },
  {
    "type": "Feature",
    "geometry": {
       "type": "Point",
       "coordinates":  [ 121.52714,25.076508 ]
    },
    "properties": {
    "流水號":235,
    "攝影機編號":"248-北安路-中山北路口",
    "攝影機id":248,
    "影片網址":"https://hls.bote.gov.taipei/live/index.html?id=248",
    "區域":"中山區"
    }
  },
  {
    "type": "Feature",
    "geometry": {
       "type": "Point",
       "coordinates":  [ 121.5250251,25.0767399 ]
    },
    "properties": {
    "流水號":236,
    "攝影機編號":"249-中山北路-圓山隧道口",
    "攝影機id":249,
    "影片網址":"https://hls.bote.gov.taipei/live/index.html?id=249",
    "區域":"士林區"
    }
  },
  {
    "type": "Feature",
    "geometry": {
       "type": "Point",
       "coordinates":  [ 121.525359,25.084214 ]
    },
    "properties": {
    "流水號":237,
    "攝影機編號":"250-劍潭路-中山北路口",
    "攝影機id":250,
    "影片網址":"https://hls.bote.gov.taipei/live/index.html?id=250",
    "區域":"士林區"
    }
  },
  {
    "type": "Feature",
    "geometry": {
       "type": "Point",
       "coordinates":  [ 121.523626,25.084248 ]
    },
    "properties": {
    "流水號":238,
    "攝影機編號":"251-劍潭路-承德路口",
    "攝影機id":251,
    "影片網址":"https://hls.bote.gov.taipei/live/index.html?id=251",
    "區域":"士林區"
    }
  },
  {
    "type": "Feature",
    "geometry": {
       "type": "Point",
       "coordinates":  [ 121.518532,25.068525 ]
    },
    "properties": {
    "流水號":239,
    "攝影機編號":"252-民族西路承德路口",
    "攝影機id":252,
    "影片網址":"https://hls.bote.gov.taipei/live/index.html?id=252",
    "區域":"大同區"
    }
  },
  {
    "type": "Feature",
    "geometry": {
       "type": "Point",
       "coordinates":  [ 121.522778,25.068515 ]
    },
    "properties": {
    "流水號":240,
    "攝影機編號":"253-民族西路-中山北路口",
    "攝影機id":253,
    "影片網址":"https://hls.bote.gov.taipei/live/index.html?id=253",
    "區域":"中山區"
    }
  },
  {
    "type": "Feature",
    "geometry": {
       "type": "Point",
       "coordinates":  [ 121.51448,25.03196 ]
    },
    "properties": {
    "流水號":241,
    "攝影機編號":"254-民權東路三段-龍江路",
    "攝影機id":254,
    "影片網址":"https://hls.bote.gov.taipei/live/index.html?id=254",
    "區域":"中山區"
    }
  },
  {
    "type": "Feature",
    "geometry": {
       "type": "Point",
       "coordinates":  [ 121.571077,24.991698 ]
    },
    "properties": {
    "流水號":242,
    "攝影機編號":"255-木柵秀明",
    "攝影機id":255,
    "影片網址":"https://hls.bote.gov.taipei/live/index.html?id=255",
    "區域":"文山區"
    }
  },
  {
    "type": "Feature",
    "geometry": {
       "type": "Point",
       "coordinates":  [ 121.5876847,25.00521658 ]
    },
    "properties": {
    "流水號":243,
    "攝影機編號":"256-木柵焚化廠",
    "攝影機id":256,
    "影片網址":"https://hls.bote.gov.taipei/live/index.html?id=256",
    "區域":"文山區"
    }
  },
  {
    "type": "Feature",
    "geometry": {
       "type": "Point",
       "coordinates":  [ 121.5689083,25.04086944 ]
    },
    "properties": {
    "流水號":244,
    "攝影機編號":"257-忠孝東路-松仁路口",
    "攝影機id":257,
    "影片網址":"https://hls.bote.gov.taipei/live/index.html?id=257",
    "區域":"信義區"
    }
  },
  {
    "type": "Feature",
    "geometry": {
       "type": "Point",
       "coordinates":  [ 121.5329167,25.05791111 ]
    },
    "properties": {
    "流水號":245,
    "攝影機編號":"258-民生東路-松江路口",
    "攝影機id":258,
    "影片網址":"https://hls.bote.gov.taipei/live/index.html?id=258",
    "區域":"中山區"
    }
  },
  {
    "type": "Feature",
    "geometry": {
       "type": "Point",
       "coordinates":  [ 121.5138,25.06315 ]
    },
    "properties": {
    "流水號":246,
    "攝影機編號":"259-重慶北路-民權西路口",
    "攝影機id":259,
    "影片網址":"https://hls.bote.gov.taipei/live/index.html?id=259",
    "區域":"大同區"
    }
  },
  {
    "type": "Feature",
    "geometry": {
       "type": "Point",
       "coordinates":  [ 121.5159028,25.02747778 ]
    },
    "properties": {
    "流水號":247,
    "攝影機編號":"260-重慶南路-和平西路口",
    "攝影機id":260,
    "影片網址":"https://hls.bote.gov.taipei/live/index.html?id=260",
    "區域":"中正區"
    }
  },
  {
    "type": "Feature",
    "geometry": {
       "type": "Point",
       "coordinates":  [ 121.5081194,25.050425 ]
    },
    "properties": {
    "流水號":248,
    "攝影機編號":"261-市民高架-西寧北路",
    "攝影機id":261,
    "影片網址":"https://hls.bote.gov.taipei/live/index.html?id=261",
    "區域":"大同區"
    }
  },
  {
    "type": "Feature",
    "geometry": {
       "type": "Point",
       "coordinates":  [ 121.543925,25.04149722 ]
    },
    "properties": {
    "流水號":249,
    "攝影機編號":"262-忠孝東路-復興南路口",
    "攝影機id":262,
    "影片網址":"https://hls.bote.gov.taipei/live/index.html?id=262",
    "區域":"大安區"
    }
  },
  {
    "type": "Feature",
    "geometry": {
       "type": "Point",
       "coordinates":  [ 121.5070306,25.03729722 ]
    },
    "properties": {
    "流水號":250,
    "攝影機編號":"263-中華路-愛國西路口",
    "攝影機id":263,
    "影片網址":"https://hls.bote.gov.taipei/live/index.html?id=263",
    "區域":"中正區"
    }
  },
  {
    "type": "Feature",
    "geometry": {
       "type": "Point",
       "coordinates":  [ 121.5525944,25.02440556 ]
    },
    "properties": {
    "流水號":251,
    "攝影機編號":"264-基隆路-和平東路口",
    "攝影機id":264,
    "影片網址":"https://hls.bote.gov.taipei/live/index.html?id=264",
    "區域":"大安區"
    }
  },
  {
    "type": "Feature",
    "geometry": {
       "type": "Point",
       "coordinates":  [ 121.5696,25.04958056 ]
    },
    "properties": {
    "流水號":252,
    "攝影機編號":"266-基隆路-八德路口(高架第2層)",
    "攝影機id":266,
    "影片網址":"https://hls.bote.gov.taipei/live/index.html?id=266",
    "區域":"松山區"
    }
  },
  {
    "type": "Feature",
    "geometry": {
       "type": "Point",
       "coordinates":  [ 121.5524583,25.04440833 ]
    },
    "properties": {
    "流水號":253,
    "攝影機編號":"267-市民高架道路(往東延吉街上方)",
    "攝影機id":267,
    "影片網址":"https://hls.bote.gov.taipei/live/index.html?id=267",
    "區域":"大安區"
    }
  },
  {
    "type": "Feature",
    "geometry": {
       "type": "Point",
       "coordinates":  [ 121.5693889,25.04925 ]
    },
    "properties": {
    "流水號":254,
    "攝影機編號":"268-基隆路口-八德路口(高架上層)",
    "攝影機id":268,
    "影片網址":"https://hls.bote.gov.taipei/live/index.html?id=268",
    "區域":"信義區"
    }
  },
  {
    "type": "Feature",
    "geometry": {
       "type": "Point",
       "coordinates":  [ 121.5722278,25.04945833 ]
    },
    "properties": {
    "流水號":255,
    "攝影機編號":"269-市民大道-松信路口",
    "攝影機id":269,
    "影片網址":"https://hls.bote.gov.taipei/live/index.html?id=269",
    "區域":"松山區"
    }
  },
  {
    "type": "Feature",
    "geometry": {
       "type": "Point",
       "coordinates":  [ 121.5777056,25.04818333 ]
    },
    "properties": {
    "流水號":256,
    "攝影機編號":"270-市民大道-松山路口",
    "攝影機id":270,
    "影片網址":"https://hls.bote.gov.taipei/live/index.html?id=270",
    "區域":"信義區"
    }
  },
  {
    "type": "Feature",
    "geometry": {
       "type": "Point",
       "coordinates":  [ 121.5837639,25.049775 ]
    },
    "properties": {
    "流水號":257,
    "攝影機編號":"271-市民大道-東新街口",
    "攝影機id":271,
    "影片網址":"https://hls.bote.gov.taipei/live/index.html?id=271",
    "區域":"南港區"
    }
  },
  {
    "type": "Feature",
    "geometry": {
       "type": "Point",
       "coordinates":  [ 121.5828005,25.05166953 ]
    },
    "properties": {
    "流水號":258,
    "攝影機編號":"272-東新街-八德路口",
    "攝影機id":272,
    "影片網址":"https://hls.bote.gov.taipei/live/index.html?id=272",
    "區域":"南港區"
    }
  },
  {
    "type": "Feature",
    "geometry": {
       "type": "Point",
       "coordinates":  [ 121.5956639,25.05134722 ]
    },
    "properties": {
    "流水號":259,
    "攝影機編號":"273-市民大道與向陽路口",
    "攝影機id":273,
    "影片網址":"https://hls.bote.gov.taipei/live/index.html?id=273",
    "區域":"南港區"
    }
  },
  {
    "type": "Feature",
    "geometry": {
       "type": "Point",
       "coordinates":  [ 121.509109,25.068535 ]
    },
    "properties": {
    "流水號":260,
    "攝影機編號":"274-環河北路與民族西路口燈桿上",
    "攝影機id":274,
    "影片網址":"https://hls.bote.gov.taipei/live/index.html?id=274",
    "區域":"大同區"
    }
  },
  {
    "type": "Feature",
    "geometry": {
       "type": "Point",
       "coordinates":  [ 121.6152472,25.05426944 ]
    },
    "properties": {
    "流水號":261,
    "攝影機編號":"275-市民大道-中南街口",
    "攝影機id":275,
    "影片網址":"https://hls.bote.gov.taipei/live/index.html?id=275",
    "區域":"南港區"
    }
  },
  {
    "type": "Feature",
    "geometry": {
       "type": "Point",
       "coordinates":  [ 121.56469,25.03384 ]
    },
    "properties": {
    "流水號":262,
    "攝影機編號":"277-信義路五段7號(台北101大樓)",
    "攝影機id":277,
    "影片網址":"https://hls.bote.gov.taipei/live/index.html?id=277",
    "區域":"信義區"
    }
  },
  {
    "type": "Feature",
    "geometry": {
       "type": "Point",
       "coordinates":  [ 121.514403,25.054061 ]
    },
    "properties": {
    "流水號":263,
    "攝影機編號":"278-重慶北路與南京西路",
    "攝影機id":278,
    "影片網址":"https://hls.bote.gov.taipei/live/index.html?id=278",
    "區域":"大同區"
    }
  },
  {
    "type": "Feature",
    "geometry": {
       "type": "Point",
       "coordinates":  [ 121.540069,25.167569 ]
    },
    "properties": {
    "流水號":264,
    "攝影機編號":"281-竹子湖派出所前",
    "攝影機id":281,
    "影片網址":"https://hls.bote.gov.taipei/live/index.html?id=281",
    "區域":"北投區"
    }
  },
  {
    "type": "Feature",
    "geometry": {
       "type": "Point",
       "coordinates":  [ 121.5397027,25.1019327 ]
    },
    "properties": {
    "流水號":265,
    "攝影機編號":"282-仰德大道二段2巷口",
    "攝影機id":282,
    "影片網址":"https://hls.bote.gov.taipei/live/index.html?id=282",
    "區域":"士林區"
    }
  },
  {
    "type": "Feature",
    "geometry": {
       "type": "Point",
       "coordinates":  [ 121.5574992,25.03309573 ]
    },
    "properties": {
    "流水號":266,
    "攝影機編號":"283-信義路四段-光復南路口",
    "攝影機id":283,
    "影片網址":"https://hls.bote.gov.taipei/live/index.html?id=283",
    "區域":"信義區"
    }
  },
  {
    "type": "Feature",
    "geometry": {
       "type": "Point",
       "coordinates":  [ 121.5613374,25.03296744 ]
    },
    "properties": {
    "流水號":267,
    "攝影機編號":"284-信義路-莊敬路口",
    "攝影機id":284,
    "影片網址":"https://hls.bote.gov.taipei/live/index.html?id=284",
    "區域":"信義區"
    }
  },
  {
    "type": "Feature",
    "geometry": {
       "type": "Point",
       "coordinates":  [ 121.513,25.066 ]
    },
    "properties": {
    "流水號":268,
    "攝影機編號":"285-昌吉街-重慶北路三段",
    "攝影機id":285,
    "影片網址":"https://hls.bote.gov.taipei/live/index.html?id=285",
    "區域":"大同區"
    }
  },
  {
    "type": "Feature",
    "geometry": {
       "type": "Point",
       "coordinates":  [ 121.511,25.057 ]
    },
    "properties": {
    "流水號":269,
    "攝影機編號":"286-民生西路-延平北路口",
    "攝影機id":286,
    "影片網址":"https://hls.bote.gov.taipei/live/index.html?id=286",
    "區域":"大同區"
    }
  },
  {
    "type": "Feature",
    "geometry": {
       "type": "Point",
       "coordinates":  [ 121.5560042,25.02730626 ]
    },
    "properties": {
    "流水號":270,
    "攝影機編號":"287-基隆路二段-嘉興街",
    "攝影機id":287,
    "影片網址":"https://hls.bote.gov.taipei/live/index.html?id=287",
    "區域":"信義區"
    }
  },
  {
    "type": "Feature",
    "geometry": {
       "type": "Point",
       "coordinates":  [ 121.5615771,25.03918714 ]
    },
    "properties": {
    "流水號":271,
    "攝影機編號":"288-逸仙路-松高路口",
    "攝影機id":288,
    "影片網址":"https://hls.bote.gov.taipei/live/index.html?id=288",
    "區域":"信義區"
    }
  },
  {
    "type": "Feature",
    "geometry": {
       "type": "Point",
       "coordinates":  [ 121.509,25.112 ]
    },
    "properties": {
    "流水號":272,
    "攝影機編號":"289-承德路-石牌路口",
    "攝影機id":289,
    "影片網址":"https://hls.bote.gov.taipei/live/index.html?id=289",
    "區域":"北投區"
    }
  },
  {
    "type": "Feature",
    "geometry": {
       "type": "Point",
       "coordinates":  [ 121.522,25.027 ]
    },
    "properties": {
    "流水號":273,
    "攝影機編號":"290-和平羅斯",
    "攝影機id":290,
    "影片網址":"https://hls.bote.gov.taipei/live/index.html?id=290",
    "區域":"中正區"
    }
  },
  {
    "type": "Feature",
    "geometry": {
       "type": "Point",
       "coordinates":  [ 121.508,25.042 ]
    },
    "properties": {
    "流水號":274,
    "攝影機編號":"291-衡陽路-中華路一段路口",
    "攝影機id":291,
    "影片網址":"https://hls.bote.gov.taipei/live/index.html?id=291",
    "區域":"萬華區"
    }
  },
  {
    "type": "Feature",
    "geometry": {
       "type": "Point",
       "coordinates":  [ 121.5048269,25.0430233 ]
    },
    "properties": {
    "流水號":275,
    "攝影機編號":"292-成都路-昆明路口",
    "攝影機id":292,
    "影片網址":"https://hls.bote.gov.taipei/live/index.html?id=292",
    "區域":"萬華區"
    }
  },
  {
    "type": "Feature",
    "geometry": {
       "type": "Point",
       "coordinates":  [ 121.493,25.03 ]
    },
    "properties": {
    "流水號":276,
    "攝影機編號":"293-艋舺雙園",
    "攝影機id":293,
    "影片網址":"https://hls.bote.gov.taipei/live/index.html?id=293",
    "區域":"萬華區"
    }
  },
  {
    "type": "Feature",
    "geometry": {
       "type": "Point",
       "coordinates":  [ 121.531,25.015 ]
    },
    "properties": {
    "流水號":277,
    "攝影機編號":"294-汀州路-思源街口",
    "攝影機id":294,
    "影片網址":"https://hls.bote.gov.taipei/live/index.html?id=294",
    "區域":"中正區"
    }
  },
  {
    "type": "Feature",
    "geometry": {
       "type": "Point",
       "coordinates":  [ 121.498,25.021 ]
    },
    "properties": {
    "流水號":278,
    "攝影機編號":"295-萬大路-東園街口",
    "攝影機id":295,
    "影片網址":"https://hls.bote.gov.taipei/live/index.html?id=295",
    "區域":"萬華區"
    }
  },
  {
    "type": "Feature",
    "geometry": {
       "type": "Point",
       "coordinates":  [ 121.5283992,25.03829891 ]
    },
    "properties": {
    "流水號":279,
    "攝影機編號":"296-仁愛路-金山南路口",
    "攝影機id":296,
    "影片網址":"https://hls.bote.gov.taipei/live/index.html?id=296",
    "區域":"中正區"
    }
  },
  {
    "type": "Feature",
    "geometry": {
       "type": "Point",
       "coordinates":  [ 121.53,25.112 ]
    },
    "properties": {
    "流水號":280,
    "攝影機編號":"297-士東路-忠誠路口",
    "攝影機id":297,
    "影片網址":"https://hls.bote.gov.taipei/live/index.html?id=297",
    "區域":"士林區"
    }
  },
  {
    "type": "Feature",
    "geometry": {
       "type": "Point",
       "coordinates":  [ 121.504,25.116 ]
    },
    "properties": {
    "流水號":281,
    "攝影機編號":"298-承德路-立賢路口",
    "攝影機id":298,
    "影片網址":"https://hls.bote.gov.taipei/live/index.html?id=298",
    "區域":"北投區"
    }
  },
  {
    "type": "Feature",
    "geometry": {
       "type": "Point",
       "coordinates":  [ 121.5278263,25.05800639 ]
    },
    "properties": {
    "流水號":282,
    "攝影機編號":"299-民生東路限高器",
    "攝影機id":299,
    "影片網址":"https://hls.bote.gov.taipei/live/index.html?id=299",
    "區域":"中山區"
    }
  },
  {
    "type": "Feature",
    "geometry": {
       "type": "Point",
       "coordinates":  [ 121.5604189,25.0346963 ]
    },
    "properties": {
    "流水號":283,
    "攝影機編號":"300-基隆松壽限高器",
    "攝影機id":300,
    "影片網址":"https://hls.bote.gov.taipei/live/index.html?id=300",
    "區域":"信義區"
    }
  },
  {
    "type": "Feature",
    "geometry": {
       "type": "Point",
       "coordinates":  [ 121.5133086,25.04740352 ]
    },
    "properties": {
    "流水號":284,
    "攝影機編號":"301-忠孝西路一段86號",
    "攝影機id":301,
    "影片網址":"https://hls.bote.gov.taipei/live/index.html?id=301",
    "區域":"中正區"
    }
  },
  {
    "type": "Feature",
    "geometry": {
       "type": "Point",
       "coordinates":  [ 121.5097318,25.04826003 ]
    },
    "properties": {
    "流水號":285,
    "攝影機編號":"303-中華路1段2號西北角（國稅局1號）",
    "攝影機id":303,
    "影片網址":"https://hls.bote.gov.taipei/live/index.html?id=303",
    "區域":"萬華區"
    }
  },
  {
    "type": "Feature",
    "geometry": {
       "type": "Point",
       "coordinates":  [ 121.5097318,25.04826003 ]
    },
    "properties": {
    "流水號":286,
    "攝影機編號":"304-中華路1段2號東北角(國稅局2號)",
    "攝影機id":304,
    "影片網址":"https://hls.bote.gov.taipei/live/index.html?id=304",
    "區域":"萬華區"
    }
  },
  {
    "type": "Feature",
    "geometry": {
       "type": "Point",
       "coordinates":  [ 121.5494028,25.05175833 ]
    },
    "properties": {
    "流水號":287,
    "攝影機編號":"305-敦化-南京",
    "攝影機id":305,
    "影片網址":"https://hls.bote.gov.taipei/live/index.html?id=305",
    "區域":"松山區"
    }
  },
  {
    "type": "Feature",
    "geometry": {
       "type": "Point",
       "coordinates":  [ 121.5489028,25.04800833 ]
    },
    "properties": {
    "流水號":288,
    "攝影機編號":"306-敦化-八德",
    "攝影機id":306,
    "影片網址":"https://hls.bote.gov.taipei/live/index.html?id=306",
    "區域":"松山區"
    }
  },
  {
    "type": "Feature",
    "geometry": {
       "type": "Point",
       "coordinates":  [ 121.5212278,25.10160833 ]
    },
    "properties": {
    "流水號":289,
    "攝影機編號":"307-福國-文林",
    "攝影機id":307,
    "影片網址":"https://hls.bote.gov.taipei/live/index.html?id=307",
    "區域":"士林區"
    }
  },
  {
    "type": "Feature",
    "geometry": {
       "type": "Point",
       "coordinates":  [ 121.4717451,25.12298936 ]
    },
    "properties": {
    "流水號":290,
    "攝影機編號":"308-大度路與立德路口(東南角)",
    "攝影機id":308,
    "影片網址":"https://hls.bote.gov.taipei/live/index.html?id=308",
    "區域":"北投區"
    }
  },
  {
    "type": "Feature",
    "geometry": {
       "type": "Point",
       "coordinates":  [ 121.4715334,25.12318622 ]
    },
    "properties": {
    "流水號":291,
    "攝影機編號":"309-大度路與立德路口(西南角)",
    "攝影機id":309,
    "影片網址":"https://hls.bote.gov.taipei/live/index.html?id=309",
    "區域":"北投區"
    }
  },
  {
    "type": "Feature",
    "geometry": {
       "type": "Point",
       "coordinates":  [ 121.5329635,25.0549123 ]
    },
    "properties": {
    "流水號":292,
    "攝影機編號":"310-松江路與長春路口",
    "攝影機id":310,
    "影片網址":"https://hls.bote.gov.taipei/live/index.html?id=310",
    "區域":"中山區"
    }
  },
  {
    "type": "Feature",
    "geometry": {
       "type": "Point",
       "coordinates":  [ 121.5329837,25.0581148 ]
    },
    "properties": {
    "流水號":293,
    "攝影機編號":"311-松江路與民生東路口",
    "攝影機id":311,
    "影片網址":"https://hls.bote.gov.taipei/live/index.html?id=311",
    "區域":"中山區"
    }
  },
  {
    "type": "Feature",
    "geometry": {
       "type": "Point",
       "coordinates":  [ 121.5329494,25.05161857 ]
    },
    "properties": {
    "流水號":294,
    "攝影機編號":"312-松江路-南京東二段",
    "攝影機id":312,
    "影片網址":"https://hls.bote.gov.taipei/live/index.html?id=312",
    "區域":"中山區"
    }
  },
  {
    "type": "Feature",
    "geometry": {
       "type": "Point",
       "coordinates":  [ 121.5329048,25.04837561 ]
    },
    "properties": {
    "流水號":295,
    "攝影機編號":"313-松江路與長安東路口",
    "攝影機id":313,
    "影片網址":"https://hls.bote.gov.taipei/live/index.html?id=313",
    "區域":"中山區"
    }
  },
  {
    "type": "Feature",
    "geometry": {
       "type": "Point",
       "coordinates":  [ 121.5330538,25.04570815 ]
    },
    "properties": {
    "流水號":296,
    "攝影機編號":"314-松江路市民大道口",
    "攝影機id":314,
    "影片網址":"https://hls.bote.gov.taipei/live/index.html?id=314",
    "區域":"中山區"
    }
  },
  {
    "type": "Feature",
    "geometry": {
       "type": "Point",
       "coordinates":  [ 121.5440837,25.05788686 ]
    },
    "properties": {
    "流水號":297,
    "攝影機編號":"315-復興北路與民生東路口",
    "攝影機id":315,
    "影片網址":"https://hls.bote.gov.taipei/live/index.html?id=315",
    "區域":"中山區"
    }
  },
  {
    "type": "Feature",
    "geometry": {
       "type": "Point",
       "coordinates":  [ 121.5439827,25.05190533 ]
    },
    "properties": {
    "流水號":298,
    "攝影機編號":"316-復興北路與南京東路口",
    "攝影機id":316,
    "影片網址":"https://hls.bote.gov.taipei/live/index.html?id=316",
    "區域":"中山區"
    }
  },
  {
    "type": "Feature",
    "geometry": {
       "type": "Point",
       "coordinates":  [ 121.5437534,25.04438833 ]
    },
    "properties": {
    "流水號":299,
    "攝影機編號":"317-復興南路與市民大道口",
    "攝影機id":317,
    "影片網址":"https://hls.bote.gov.taipei/live/index.html?id=317",
    "區域":"大安區"
    }
  },
  {
    "type": "Feature",
    "geometry": {
       "type": "Point",
       "coordinates":  [ 121.5459973,24.98670152 ]
    },
    "properties": {
    "流水號":300,
    "攝影機編號":"318-木柵路1段與和興路口號誌桿",
    "攝影機id":318,
    "影片網址":"https://hls.bote.gov.taipei/live/index.html?id=318",
    "區域":"文山區"
    }
  },
  {
    "type": "Feature",
    "geometry": {
       "type": "Point",
       "coordinates":  [ 121.5436311,25.03782272 ]
    },
    "properties": {
    "流水號":301,
    "攝影機編號":"319-復興南路-仁愛三段",
    "攝影機id":319,
    "影片網址":"https://hls.bote.gov.taipei/live/index.html?id=319",
    "區域":"大安區"
    }
  },
  {
    "type": "Feature",
    "geometry": {
       "type": "Point",
       "coordinates":  [ 121.5434377,25.0331958 ]
    },
    "properties": {
    "流水號":302,
    "攝影機編號":"320-復興南路與信義路口",
    "攝影機id":320,
    "影片網址":"https://hls.bote.gov.taipei/live/index.html?id=320",
    "區域":"大安區"
    }
  },
  {
    "type": "Feature",
    "geometry": {
       "type": "Point",
       "coordinates":  [ 121.5433892,25.02850844 ]
    },
    "properties": {
    "流水號":303,
    "攝影機編號":"321-復興南路與復興南路2段148巷口",
    "攝影機id":321,
    "影片網址":"https://hls.bote.gov.taipei/live/index.html?id=321",
    "區域":"大安區"
    }
  },
  {
    "type": "Feature",
    "geometry": {
       "type": "Point",
       "coordinates":  [ 121.5429469,25.02493891 ]
    },
    "properties": {
    "流水號":304,
    "攝影機編號":"322-復興南路與和平東路口",
    "攝影機id":322,
    "影片網址":"https://hls.bote.gov.taipei/live/index.html?id=322",
    "區域":"大安區"
    }
  },
  {
    "type": "Feature",
    "geometry": {
       "type": "Point",
       "coordinates":  [ 121.5758187,25.07600866 ]
    },
    "properties": {
    "流水號":305,
    "攝影機編號":"323-瑞光路與江南街口",
    "攝影機id":323,
    "影片網址":"https://hls.bote.gov.taipei/live/index.html?id=323",
    "區域":"內湖區"
    }
  },
  {
    "type": "Feature",
    "geometry": {
       "type": "Point",
       "coordinates":  [ 121.5334104,25.06442183 ]
    },
    "properties": {
    "流水號":306,
    "攝影機編號":"324-松江路367號(中山區公所)",
    "攝影機id":324,
    "影片網址":"https://hls.bote.gov.taipei/live/index.html?id=324",
    "區域":"中山區"
    }
  },
  {
    "type": "Feature",
    "geometry": {
       "type": "Point",
       "coordinates":  [ 121.5349488,25.00484617 ]
    },
    "properties": {
    "流水號":307,
    "攝影機編號":"325-水源快上層往南門架(溪州街與汀州路4段140巷口",
    "攝影機id":325,
    "影片網址":"https://hls.bote.gov.taipei/live/index.html?id=325",
    "區域":"文山區"
    }
  },
  {
    "type": "Feature",
    "geometry": {
       "type": "Point",
       "coordinates":  [ 121.5255683,25.08602915 ]
    },
    "properties": {
    "流水號":308,
    "攝影機編號":"326-中山北路5段與文林路口",
    "攝影機id":326,
    "影片網址":"https://hls.bote.gov.taipei/live/index.html?id=326",
    "區域":"士林區"
    }
  },
  {
    "type": "Feature",
    "geometry": {
       "type": "Point",
       "coordinates":  [ 121.5266917,25.10088611 ]
    },
    "properties": {
    "流水號":309,
    "攝影機編號":"327-雙溪街與至誠路口",
    "攝影機id":327,
    "影片網址":"https://hls.bote.gov.taipei/live/index.html?id=327",
    "區域":"士林區"
    }
  },
  {
    "type": "Feature",
    "geometry": {
       "type": "Point",
       "coordinates":  [ 121.5227248,25.05773305 ]
    },
    "properties": {
    "流水號":310,
    "攝影機編號":"328-民生東路與中山北路口",
    "攝影機id":328,
    "影片網址":"https://hls.bote.gov.taipei/live/index.html?id=328",
    "區域":"中山區"
    }
  },
  {
    "type": "Feature",
    "geometry": {
       "type": "Point",
       "coordinates":  [ 121.557685,25.04492577 ]
    },
    "properties": {
    "流水號":311,
    "攝影機編號":"329-光復南路與市民大道口",
    "攝影機id":329,
    "影片網址":"https://hls.bote.gov.taipei/live/index.html?id=329",
    "區域":"大安區"
    }
  },
  {
    "type": "Feature",
    "geometry": {
       "type": "Point",
       "coordinates":  [ 121.5524343,25.03317711 ]
    },
    "properties": {
    "流水號":312,
    "攝影機編號":"330-信義路與安和路口",
    "攝影機id":330,
    "影片網址":"https://hls.bote.gov.taipei/live/index.html?id=330",
    "區域":"大安區"
    }
  },
  {
    "type": "Feature",
    "geometry": {
       "type": "Point",
       "coordinates":  [ 121.5544587,25.00079635 ]
    },
    "properties": {
    "流水號":313,
    "攝影機編號":"331-興隆路與辛亥路口",
    "攝影機id":331,
    "影片網址":"https://hls.bote.gov.taipei/live/index.html?id=331",
    "區域":"文山區"
    }
  },
  {
    "type": "Feature",
    "geometry": {
       "type": "Point",
       "coordinates":  [ 121.5579086,24.9990456 ]
    },
    "properties": {
    "流水號":314,
    "攝影機編號":"332-興隆路與興隆路3段112巷口",
    "攝影機id":332,
    "影片網址":"https://hls.bote.gov.taipei/live/index.html?id=332",
    "區域":"文山區"
    }
  },
  {
    "type": "Feature",
    "geometry": {
       "type": "Point",
       "coordinates":  [ 121.6112466,25.0638845 ]
    },
    "properties": {
    "流水號":315,
    "攝影機編號":"333-康寧路3段與南湖大橋",
    "攝影機id":333,
    "影片網址":"https://hls.bote.gov.taipei/live/index.html?id=333",
    "區域":"內湖區"
    }
  },
  {
    "type": "Feature",
    "geometry": {
       "type": "Point",
       "coordinates":  [ 121.615846,25.04898 ]
    },
    "properties": {
    "流水號":316,
    "攝影機編號":"334-研究院路2段與大坑街口(南深橋)",
    "攝影機id":334,
    "影片網址":"https://hls.bote.gov.taipei/live/index.html?id=334",
    "區域":"南港區"
    }
  },
  {
    "type": "Feature",
    "geometry": {
       "type": "Point",
       "coordinates":  [ 121.6119127,25.06653314 ]
    },
    "properties": {
    "流水號":317,
    "攝影機編號":"335-康寧路3段與康寧路3段222巷口",
    "攝影機id":335,
    "影片網址":"https://hls.bote.gov.taipei/live/index.html?id=335",
    "區域":"內湖區"
    }
  },
  {
    "type": "Feature",
    "geometry": {
       "type": "Point",
       "coordinates":  [ 121.5138393,25.05700219 ]
    },
    "properties": {
    "流水號":318,
    "攝影機編號":"336-民生西路與重慶北路口",
    "攝影機id":336,
    "影片網址":"https://hls.bote.gov.taipei/live/index.html?id=336",
    "區域":"大同區"
    }
  },
  {
    "type": "Feature",
    "geometry": {
       "type": "Point",
       "coordinates":  [ 121.5095188,25.04552949 ]
    },
    "properties": {
    "流水號":319,
    "攝影機編號":"337-中華路一段39號1(台糖騰雲大樓頂樓西南角)",
    "攝影機id":337,
    "影片網址":"https://hls.bote.gov.taipei/live/index.html?id=337",
    "區域":"中正區"
    }
  },
  {
    "type": "Feature",
    "geometry": {
       "type": "Point",
       "coordinates":  [ 121.5095,25.04544444 ]
    },
    "properties": {
    "流水號":320,
    "攝影機編號":"338-中華路一段39號2(台糖騰雲大樓頂樓西北角)",
    "攝影機id":338,
    "影片網址":"https://hls.bote.gov.taipei/live/index.html?id=338",
    "區域":"中正區"
    }
  },
  {
    "type": "Feature",
    "geometry": {
       "type": "Point",
       "coordinates":  [ 121.5967611,25.06701389 ]
    },
    "properties": {
    "流水號":321,
    "攝影機編號":"339-民權東路6段與民權東路6段206巷口",
    "攝影機id":339,
    "影片網址":"https://hls.bote.gov.taipei/live/index.html?id=339",
    "區域":"內湖區"
    }
  },
  {
    "type": "Feature",
    "geometry": {
       "type": "Point",
       "coordinates":  [ 121.5517954,25.05150119 ]
    },
    "properties": {
    "流水號":322,
    "攝影機編號":"341-南京東路4段北寧路口",
    "攝影機id":341,
    "影片網址":"https://hls.bote.gov.taipei/live/index.html?id=341",
    "區域":"松山區"
    }
  },
  {
    "type": "Feature",
    "geometry": {
       "type": "Point",
       "coordinates":  [ 121.5466159,25.01873273 ]
    },
    "properties": {
    "流水號":323,
    "攝影機編號":"342-辛亥路3段基隆路3段路口",
    "攝影機id":342,
    "影片網址":"https://hls.bote.gov.taipei/live/index.html?id=342",
    "區域":"大安區"
    }
  },
  {
    "type": "Feature",
    "geometry": {
       "type": "Point",
       "coordinates":  [ 121.5595583,25.04521969 ]
    },
    "properties": {
    "流水號":324,
    "攝影機編號":"343-市高(光復) 市高西行既設鋼構",
    "攝影機id":343,
    "影片網址":"https://hls.bote.gov.taipei/live/index.html?id=343",
    "區域":"信義區"
    }
  },
  {
    "type": "Feature",
    "geometry": {
       "type": "Point",
       "coordinates":  [ 121.5395597,25.04459275 ]
    },
    "properties": {
    "流水號":325,
    "攝影機編號":"344-市高(建國) 市高西行既設鋼構",
    "攝影機id":344,
    "影片網址":"https://hls.bote.gov.taipei/live/index.html?id=344",
    "區域":"大安區"
    }
  },
  {
    "type": "Feature",
    "geometry": {
       "type": "Point",
       "coordinates":  [ 121.5488551,25.04145101 ]
    },
    "properties": {
    "流水號":326,
    "攝影機編號":"345-忠孝東-敦化南路口",
    "攝影機id":345,
    "影片網址":"https://hls.bote.gov.taipei/live/index.html?id=345",
    "區域":"大安區"
    }
  },
  {
    "type": "Feature",
    "geometry": {
       "type": "Point",
       "coordinates":  [ 121.5189188,25.04331665 ]
    },
    "properties": {
    "流水號":327,
    "攝影機編號":"346-中山北-濟南路口",
    "攝影機id":346,
    "影片網址":"https://hls.bote.gov.taipei/live/index.html?id=346",
    "區域":"中正區"
    }
  },
  {
    "type": "Feature",
    "geometry": {
       "type": "Point",
       "coordinates":  [ 121.5167006,25.03486221 ]
    },
    "properties": {
    "流水號":328,
    "攝影機編號":"347-羅斯福-中山南-愛國路口",
    "攝影機id":347,
    "影片網址":"https://hls.bote.gov.taipei/live/index.html?id=347",
    "區域":"中正區"
    }
  },
  {
    "type": "Feature",
    "geometry": {
       "type": "Point",
       "coordinates":  [ 121.5722722,25.0499889 ]
    },
    "properties": {
    "流水號":329,
    "攝影機編號":"348-八德-塔悠路口",
    "攝影機id":348,
    "影片網址":"https://hls.bote.gov.taipei/live/index.html?id=348",
    "區域":"松山區"
    }
  },
  {
    "type": "Feature",
    "geometry": {
       "type": "Point",
       "coordinates":  [ 121.5637797,25.0514517 ]
    },
    "properties": {
    "流水號":330,
    "攝影機編號":"349-南京東-三民路口",
    "攝影機id":349,
    "影片網址":"https://hls.bote.gov.taipei/live/index.html?id=349",
    "區域":"松山區"
    }
  },
  {
    "type": "Feature",
    "geometry": {
       "type": "Point",
       "coordinates":  [ 121.5911242,25.06129171 ]
    },
    "properties": {
    "流水號":331,
    "攝影機編號":"350-成功-內湖交流道路口",
    "攝影機id":350,
    "影片網址":"https://hls.bote.gov.taipei/live/index.html?id=350",
    "區域":"內湖區"
    }
  },
  {
    "type": "Feature",
    "geometry": {
       "type": "Point",
       "coordinates":  [ 121.557315,25.05155798 ]
    },
    "properties": {
    "流水號":332,
    "攝影機編號":"351-南京-光復路口",
    "攝影機id":351,
    "影片網址":"https://hls.bote.gov.taipei/live/index.html?id=351",
    "區域":"松山區"
    }
  },
  {
    "type": "Feature",
    "geometry": {
       "type": "Point",
       "coordinates":  [ 121.5544544,25.0414112 ]
    },
    "properties": {
    "流水號":333,
    "攝影機編號":"352-忠孝-延吉路口",
    "攝影機id":352,
    "影片網址":"https://hls.bote.gov.taipei/live/index.html?id=352",
    "區域":"大安區"
    }
  },
  {
    "type": "Feature",
    "geometry": {
       "type": "Point",
       "coordinates":  [ 121.5298689,25.04363587 ]
    },
    "properties": {
    "流水號":334,
    "攝影機編號":"353-八德-新生北路口",
    "攝影機id":353,
    "影片網址":"https://hls.bote.gov.taipei/live/index.html?id=353",
    "區域":"中正區"
    }
  },
  {
    "type": "Feature",
    "geometry": {
       "type": "Point",
       "coordinates":  [ 121.5487834,25.03319875 ]
    },
    "properties": {
    "流水號":335,
    "攝影機編號":"354-信義-敦化路口",
    "攝影機id":354,
    "影片網址":"https://hls.bote.gov.taipei/live/index.html?id=354",
    "區域":"大安區"
    }
  },
  {
    "type": "Feature",
    "geometry": {
       "type": "Point",
       "coordinates":  [ 121.5487301,25.02447036 ]
    },
    "properties": {
    "流水號":336,
    "攝影機編號":"355-和平-敦化路口",
    "攝影機id":355,
    "影片網址":"https://hls.bote.gov.taipei/live/index.html?id=355",
    "區域":"大安區"
    }
  },
  {
    "type": "Feature",
    "geometry": {
       "type": "Point",
       "coordinates":  [ 121.5005,25.03305 ]
    },
    "properties": {
    "流水號":337,
    "攝影機編號":"356-艋舺-萬大路口",
    "攝影機id":356,
    "影片網址":"https://hls.bote.gov.taipei/live/index.html?id=356",
    "區域":"萬華區"
    }
  },
  {
    "type": "Feature",
    "geometry": {
       "type": "Point",
       "coordinates":  [ 121.5136523,25.06860855 ]
    },
    "properties": {
    "流水號":338,
    "攝影機編號":"357-民族-重慶路口",
    "攝影機id":357,
    "影片網址":"https://hls.bote.gov.taipei/live/index.html?id=357",
    "區域":"大同區"
    }
  },
  {
    "type": "Feature",
    "geometry": {
       "type": "Point",
       "coordinates":  [ 121.5523655,24.98769899 ]
    },
    "properties": {
    "流水號":339,
    "攝影機編號":"358-木柵-辛亥路口",
    "攝影機id":358,
    "影片網址":"https://hls.bote.gov.taipei/live/index.html?id=358",
    "區域":"文山區"
    }
  },
  {
    "type": "Feature",
    "geometry": {
       "type": "Point",
       "coordinates":  [ 121.5601661,24.98871072 ]
    },
    "properties": {
    "流水號":340,
    "攝影機編號":"359-木柵-興隆路口",
    "攝影機id":359,
    "影片網址":"https://hls.bote.gov.taipei/live/index.html?id=359",
    "區域":"文山區"
    }
  },
  {
    "type": "Feature",
    "geometry": {
       "type": "Point",
       "coordinates":  [ 121.5548942,24.98016743 ]
    },
    "properties": {
    "流水號":341,
    "攝影機編號":"360-木新-樟新路口",
    "攝影機id":360,
    "影片網址":"https://hls.bote.gov.taipei/live/index.html?id=360",
    "區域":"文山區"
    }
  },
  {
    "type": "Feature",
    "geometry": {
       "type": "Point",
       "coordinates":  [ 121.5389509,25.00226207 ]
    },
    "properties": {
    "流水號":342,
    "攝影機編號":"361-羅斯福路五段211巷路口",
    "攝影機id":361,
    "影片網址":"https://hls.bote.gov.taipei/live/index.html?id=361",
    "區域":"文山區"
    }
  },
  {
    "type": "Feature",
    "geometry": {
       "type": "Point",
       "coordinates":  [ 121.5768371,25.00032514 ]
    },
    "properties": {
    "流水號":343,
    "攝影機編號":"362-木柵-信義快匝道路口",
    "攝影機id":362,
    "影片網址":"https://hls.bote.gov.taipei/live/index.html?id=362",
    "區域":"文山區"
    }
  },
  {
    "type": "Feature",
    "geometry": {
       "type": "Point",
       "coordinates":  [ 121.60569,25.05195 ]
    },
    "properties": {
    "流水號":344,
    "攝影機編號":"363-忠孝東路7段325巷口",
    "攝影機id":363,
    "影片網址":"https://hls.bote.gov.taipei/live/index.html?id=363",
    "區域":"南港區"
    }
  },
  {
    "type": "Feature",
    "geometry": {
       "type": "Point",
       "coordinates":  [ 121.6032,25.05261 ]
    },
    "properties": {
    "流水號":345,
    "攝影機編號":"364-市民大道8段與南港路2段41巷口",
    "攝影機id":364,
    "影片網址":"https://hls.bote.gov.taipei/live/index.html?id=364",
    "區域":"南港區"
    }
  },
  {
    "type": "Feature",
    "geometry": {
       "type": "Point",
       "coordinates":  [ 121.60314,25.05366 ]
    },
    "properties": {
    "流水號":346,
    "攝影機編號":"365-南港路2段23巷口",
    "攝影機id":365,
    "影片網址":"https://hls.bote.gov.taipei/live/index.html?id=365",
    "區域":"南港區"
    }
  },
  {
    "type": "Feature",
    "geometry": {
       "type": "Point",
       "coordinates":  [ 121.51233,25.1013 ]
    },
    "properties": {
    "流水號":347,
    "攝影機編號":"366-承德路6段-福國路口",
    "攝影機id":366,
    "影片網址":"https://hls.bote.gov.taipei/live/index.html?id=366",
    "區域":"北投區"
    }
  },
  {
    "type": "Feature",
    "geometry": {
       "type": "Point",
       "coordinates":  [ 121.5733889,25.07910833 ]
    },
    "properties": {
    "流水號":348,
    "攝影機編號":"367-洲子街-瑞光路393巷",
    "攝影機id":367,
    "影片網址":"https://hls.bote.gov.taipei/live/index.html?id=367",
    "區域":"內湖區"
    }
  },
  {
    "type": "Feature",
    "geometry": {
       "type": "Point",
       "coordinates":  [ 121.581675,25.05726111 ]
    },
    "properties": {
    "流水號":349,
    "攝影機編號":"368-南京東路六段-舊宗路一段",
    "攝影機id":368,
    "影片網址":"https://hls.bote.gov.taipei/live/index.html?id=368",
    "區域":"內湖區"
    }
  },
  {
    "type": "Feature",
    "geometry": {
       "type": "Point",
       "coordinates":  [ 121.5166389,25.02565 ]
    },
    "properties": {
    "流水號":350,
    "攝影機編號":"369-重慶南路-汀州路2段",
    "攝影機id":369,
    "影片網址":"https://hls.bote.gov.taipei/live/index.html?id=369",
    "區域":"中正區"
    }
  },
  {
    "type": "Feature",
    "geometry": {
       "type": "Point",
       "coordinates":  [ 121.5031556,25.03520833 ]
    },
    "properties": {
    "流水號":351,
    "攝影機編號":"370-和平西路3段-南寧路",
    "攝影機id":370,
    "影片網址":"https://hls.bote.gov.taipei/live/index.html?id=370",
    "區域":"萬華區"
    }
  },
  {
    "type": "Feature",
    "geometry": {
       "type": "Point",
       "coordinates":  [ 121.5143972,25.02766389 ]
    },
    "properties": {
    "流水號":352,
    "攝影機編號":"371-和平西路2段-泉州街",
    "攝影機id":371,
    "影片網址":"https://hls.bote.gov.taipei/live/index.html?id=371",
    "區域":"中正區"
    }
  },
  {
    "type": "Feature",
    "geometry": {
       "type": "Point",
       "coordinates":  [ 121.5512917,25.06165833 ]
    },
    "properties": {
    "流水號":353,
    "攝影機編號":"372-民權東路與敦化北路",
    "攝影機id":372,
    "影片網址":"https://hls.bote.gov.taipei/live/index.html?id=372",
    "區域":"松山區"
    }
  },
  {
    "type": "Feature",
    "geometry": {
       "type": "Point",
       "coordinates":  [ 121.5463722,25.13681389 ]
    },
    "properties": {
    "流水號":354,
    "攝影機編號":"373-格致路與凱旋路",
    "攝影機id":373,
    "影片網址":"https://hls.bote.gov.taipei/live/index.html?id=373",
    "區域":"士林區"
    }
  },
  {
    "type": "Feature",
    "geometry": {
       "type": "Point",
       "coordinates":  [ 121.5169944,25.02303056 ]
    },
    "properties": {
    "流水號":355,
    "攝影機編號":"374-重慶南路與廈門街114巷",
    "攝影機id":374,
    "影片網址":"https://hls.bote.gov.taipei/live/index.html?id=374",
    "區域":"中正區"
    }
  },
  {
    "type": "Feature",
    "geometry": {
       "type": "Point",
       "coordinates":  [ 121.5140028,25.05555 ]
    },
    "properties": {
    "流水號":356,
    "攝影機編號":"375-重慶北路2段48號",
    "攝影機id":375,
    "影片網址":"https://hls.bote.gov.taipei/live/index.html?id=375",
    "區域":"大同區"
    }
  },
  {
    "type": "Feature",
    "geometry": {
       "type": "Point",
       "coordinates":  [ 121.558565,25.006698 ]
    },
    "properties": {
    "流水號":357,
    "攝影機編號":"376-辛亥路4段-101巷",
    "攝影機id":376,
    "影片網址":"https://hls.bote.gov.taipei/live/index.html?id=376",
    "區域":"文山區"
    }
  },
  {
    "type": "Feature",
    "geometry": {
       "type": "Point",
       "coordinates":  [ 121.5604497,25.045062 ]
    },
    "properties": {
    "流水號":358,
    "攝影機編號":"377-菸廠路 市民大道5段14巷",
    "攝影機id":377,
    "影片網址":"https://hls.bote.gov.taipei/live/index.html?id=377",
    "區域":"信義區"
    }
  },
  {
    "type": "Feature",
    "geometry": {
       "type": "Point",
       "coordinates":  [ 121.5977722,25.05168333 ]
    },
    "properties": {
    "流水號":359,
    "攝影機編號":"378-市民大道八段99號(東北角) (臺北流行音樂中心南館頂樓東北角)",
    "攝影機id":378,
    "影片網址":"https://hls.bote.gov.taipei/live/index.html?id=378",
    "區域":"南港區"
    }
  },
  {
    "type": "Feature",
    "geometry": {
       "type": "Point",
       "coordinates":  [ 121.5976056,25.05142222 ]
    },
    "properties": {
    "流水號":360,
    "攝影機編號":"379-市民大道八段99號(西南角) (臺北流行音樂中心南館頂樓西南角)",
    "攝影機id":379,
    "影片網址":"https://hls.bote.gov.taipei/live/index.html?id=379",
    "區域":"南港區"
    }
  },
  {
    "type": "Feature",
    "geometry": {
       "type": "Point",
       "coordinates":  [ 121.5989194,25.05346944 ]
    },
    "properties": {
    "流水號":361,
    "攝影機編號":"380-南港路2段59號(東北角)",
    "攝影機id":380,
    "影片網址":"https://hls.bote.gov.taipei/live/index.html?id=380",
    "區域":"南港區"
    }
  },
  {
    "type": "Feature",
    "geometry": {
       "type": "Point",
       "coordinates":  [ 121.5212056,25.02894722 ]
    },
    "properties": {
    "流水號":362,
    "攝影機編號":"381-羅斯福路2段9號(羅斯福金融廣場大樓)",
    "攝影機id":381,
    "影片網址":"https://hls.bote.gov.taipei/live/index.html?id=381",
    "區域":"中正區"
    }
  },
  {
    "type": "Feature",
    "geometry": {
       "type": "Point",
       "coordinates":  [ 121.5583624,25.0420172 ]
    },
    "properties": {
    "流水號":363,
    "攝影機編號":"382-忠孝東路-光復南路(巨蛋體育館)",
    "攝影機id":382,
    "影片網址":"https://hls.bote.gov.taipei/live/index.html?id=382",
    "區域":"信義區"
    }
  },
  {
    "type": "Feature",
    "geometry": {
       "type": "Point",
       "coordinates":  [ 121.5616393,25.0411849 ]
    },
    "properties": {
    "流水號":364,
    "攝影機編號":"383-忠孝逸仙",
    "攝影機id":383,
    "影片網址":"https://hls.bote.gov.taipei/live/index.html?id=383",
    "區域":"信義區"
    }
  },
  {
    "type": "Feature",
    "geometry": {
       "type": "Point",
       "coordinates":  [ 121.5613746,25.04185723 ]
    },
    "properties": {
    "流水號":365,
    "攝影機編號":"384-忠孝東路-逸仙路(巨蛋辦公樓)",
    "攝影機id":384,
    "影片網址":"https://hls.bote.gov.taipei/live/index.html?id=384",
    "區域":"信義區"
    }
  },
  {
    "type": "Feature",
    "geometry": {
       "type": "Point",
       "coordinates":  [ 121.5764,25.07123 ]
    },
    "properties": {
    "流水號":366,
    "攝影機編號":"385-瑞湖街陽光街321巷",
    "攝影機id":385,
    "影片網址":"https://hls.bote.gov.taipei/live/index.html?id=385",
    "區域":"內湖區"
    }
  },
  {
    "type": "Feature",
    "geometry": {
       "type": "Point",
       "coordinates":  [ 121.5244972,25.09496667 ]
    },
    "properties": {
    "流水號":367,
    "攝影機編號":"386-中正路-基河路",
    "攝影機id":386,
    "影片網址":"https://hls.bote.gov.taipei/live/index.html?id=386",
    "區域":"士林區"
    }
  },
  {
    "type": "Feature",
    "geometry": {
       "type": "Point",
       "coordinates":  [ 121.52449,25.09496 ]
    },
    "properties": {
    "流水號":368,
    "攝影機編號":"387-中正路-文林路",
    "攝影機id":387,
    "影片網址":"https://hls.bote.gov.taipei/live/index.html?id=387",
    "區域":"大安區"
    }
  },
  {
    "type": "Feature",
    "geometry": {
       "type": "Point",
       "coordinates":  [ 121.5578,25.04816 ]
    },
    "properties": {
    "流水號":369,
    "攝影機編號":"388-八德路3段-光復北路",
    "攝影機id":388,
    "影片網址":"https://hls.bote.gov.taipei/live/index.html?id=388",
    "區域":"松山區"
    }
  },
  {
    "type": "Feature",
    "geometry": {
       "type": "Point",
       "coordinates":  [ 121.52491,25.10647 ]
    },
    "properties": {
    "流水號":370,
    "攝影機編號":"389-中山北路6段-德行西路",
    "攝影機id":389,
    "影片網址":"https://hls.bote.gov.taipei/live/index.html?id=389",
    "區域":"士林區"
    }
  },
  {
    "type": "Feature",
    "geometry": {
       "type": "Point",
       "coordinates":  [ 121.50933,25.08666 ]
    },
    "properties": {
    "流水號":371,
    "攝影機編號":"390-中正路-延平北路5段(西南角)",
    "攝影機id":390,
    "影片網址":"https://hls.bote.gov.taipei/live/index.html?id=390",
    "區域":"士林區"
    }
  },
  {
    "type": "Feature",
    "geometry": {
       "type": "Point",
       "coordinates":  [ 121.5816271,25.00916456 ]
    },
    "properties": {
    "流水號":372,
    "攝影機編號":"391-文山北向入口",
    "攝影機id":391,
    "影片網址":"https://hls.bote.gov.taipei/live/index.html?id=391",
    "區域":"文山區"
    }
  },
  {
    "type": "Feature",
    "geometry": {
       "type": "Point",
       "coordinates":  [ 121.5781427,25.0209973 ]
    },
    "properties": {
    "流水號":373,
    "攝影機編號":"392-文山北向出口",
    "攝影機id":392,
    "影片網址":"https://hls.bote.gov.taipei/live/index.html?id=392",
    "區域":"信義區"
    }
  },
  {
    "type": "Feature",
    "geometry": {
       "type": "Point",
       "coordinates":  [ 121.5774561,25.02130841 ]
    },
    "properties": {
    "流水號":374,
    "攝影機編號":"393-文山南向入口",
    "攝影機id":393,
    "影片網址":"https://hls.bote.gov.taipei/live/index.html?id=393",
    "區域":"信義區"
    }
  },
  {
    "type": "Feature",
    "geometry": {
       "type": "Point",
       "coordinates":  [ 121.5812802,25.00992394 ]
    },
    "properties": {
    "流水號":375,
    "攝影機編號":"394-文山南向出口",
    "攝影機id":394,
    "影片網址":"https://hls.bote.gov.taipei/live/index.html?id=394",
    "區域":"文山區"
    }
  },
  {
    "type": "Feature",
    "geometry": {
       "type": "Point",
       "coordinates":  [ 121.5763657,25.02374133 ]
    },
    "properties": {
    "流水號":376,
    "攝影機編號":"395-象山北向入口",
    "攝影機id":395,
    "影片網址":"https://hls.bote.gov.taipei/live/index.html?id=395",
    "區域":"信義區"
    }
  },
  {
    "type": "Feature",
    "geometry": {
       "type": "Point",
       "coordinates":  [ 121.5719446,25.03128632 ]
    },
    "properties": {
    "流水號":377,
    "攝影機編號":"396-象山北向出口",
    "攝影機id":396,
    "影片網址":"https://hls.bote.gov.taipei/live/index.html?id=396",
    "區域":"信義區"
    }
  },
  {
    "type": "Feature",
    "geometry": {
       "type": "Point",
       "coordinates":  [ 121.571553,25.03133979 ]
    },
    "properties": {
    "流水號":378,
    "攝影機編號":"397-象山南向入口",
    "攝影機id":397,
    "影片網址":"https://hls.bote.gov.taipei/live/index.html?id=397",
    "區域":"信義區"
    }
  },
  {
    "type": "Feature",
    "geometry": {
       "type": "Point",
       "coordinates":  [ 121.5760372,25.02371064 ]
    },
    "properties": {
    "流水號":379,
    "攝影機編號":"398-象山南向出口",
    "攝影機id":398,
    "影片網址":"https://hls.bote.gov.taipei/live/index.html?id=398",
    "區域":"信義區"
    }
  },
  {
    "type": "Feature",
    "geometry": {
       "type": "Point",
       "coordinates":  [ 121.57443,24.99803 ]
    },
    "properties": {
    "流水號":380,
    "攝影機編號":"399-木柵路4段-和平東路4段",
    "攝影機id":399,
    "影片網址":"https://hls.bote.gov.taipei/live/index.html?id=399",
    "區域":"文山區"
    }
  },
  {
    "type": "Feature",
    "geometry": {
       "type": "Point",
       "coordinates":  [ 121.52414,25.03556 ]
    },
    "properties": {
    "流水號":381,
    "攝影機編號":"400-信義杭州",
    "攝影機id":400,
    "影片網址":"https://hls.bote.gov.taipei/live/index.html?id=400",
    "區域":"中正區"
    }
  },
  {
    "type": "Feature",
    "geometry": {
       "type": "Point",
       "coordinates":  [ 121.59282,25.0689 ]
    },
    "properties": {
    "流水號":382,
    "攝影機編號":"401-民權東路6段180巷口",
    "攝影機id":401,
    "影片網址":"https://hls.bote.gov.taipei/live/index.html?id=401",
    "區域":"內湖區"
    }
  },
  {
    "type": "Feature",
    "geometry": {
       "type": "Point",
       "coordinates":  [ 121.51762,25.10536 ]
    },
    "properties": {
    "流水號":383,
    "攝影機編號":"402-文林北路(75巷)94巷口",
    "攝影機id":402,
    "影片網址":"https://hls.bote.gov.taipei/live/index.html?id=402",
    "區域":"北投區"
    }
  },
  {
    "type": "Feature",
    "geometry": {
       "type": "Point",
       "coordinates":  [ 121.50518,25.10119 ]
    },
    "properties": {
    "流水號":384,
    "攝影機編號":"403-北士科1(福國路-洲美社區)",
    "攝影機id":403,
    "影片網址":"https://hls.bote.gov.taipei/live/index.html?id=403",
    "區域":"北投區"
    }
  },
  {
    "type": "Feature",
    "geometry": {
       "type": "Point",
       "coordinates":  [ 121.50813,25.1013 ]
    },
    "properties": {
    "流水號":385,
    "攝影機編號":"404-北士科2(福國路-承平路)",
    "攝影機id":404,
    "影片網址":"https://hls.bote.gov.taipei/live/index.html?id=404",
    "區域":"北投區"
    }
  },
  {
    "type": "Feature",
    "geometry": {
       "type": "Point",
       "coordinates":  [ 121.50817,25.09937 ]
    },
    "properties": {
    "流水號":386,
    "攝影機編號":"405-北士科3(福善路-承平路)",
    "攝影機id":405,
    "影片網址":"https://hls.bote.gov.taipei/live/index.html?id=405",
    "區域":"北投區"
    }
  },
  {
    "type": "Feature",
    "geometry": {
       "type": "Point",
       "coordinates":  [ 121.51899,25.11876 ]
    },
    "properties": {
    "流水號":387,
    "攝影機編號":"406-石牌路-立農街2段",
    "攝影機id":406,
    "影片網址":"https://hls.bote.gov.taipei/live/index.html?id=406",
    "區域":"北投區"
    }
  },
  {
    "type": "Feature",
    "geometry": {
       "type": "Point",
       "coordinates":  [ 121.51527,25.11528 ]
    },
    "properties": {
    "流水號":388,
    "攝影機編號":"407-石牌路2段-東華街1段(捷運石牌站)",
    "攝影機id":407,
    "影片網址":"https://hls.bote.gov.taipei/live/index.html?id=407",
    "區域":"北投區"
    }
  },
  {
    "type": "Feature",
    "geometry": {
       "type": "Point",
       "coordinates":  [ 121.52192,25.11921 ]
    },
    "properties": {
    "流水號":389,
    "攝影機編號":"408-石牌路2段-天母西路",
    "攝影機id":408,
    "影片網址":"https://hls.bote.gov.taipei/live/index.html?id=408",
    "區域":"北投區"
    }
  },
  {
    "type": "Feature",
    "geometry": {
       "type": "Point",
       "coordinates":  [ 121.51749,25.11807 ]
    },
    "properties": {
    "流水號":390,
    "攝影機編號":"409-石牌路2段130巷",
    "攝影機id":409,
    "影片網址":"https://hls.bote.gov.taipei/live/index.html?id=409",
    "區域":"北投區"
    }
  },
  {
    "type": "Feature",
    "geometry": {
       "type": "Point",
       "coordinates":  [ 121.57064,24.98775 ]
    },
    "properties": {
    "流水號":391,
    "攝影機編號":"410-木新路1段-指南路1段",
    "攝影機id":410,
    "影片網址":"https://hls.bote.gov.taipei/live/index.html?id=410",
    "區域":"文山區"
    }
  },
  {
    "type": "Feature",
    "geometry": {
       "type": "Point",
       "coordinates":  [ 121.52791,25.09574 ]
    },
    "properties": {
    "流水號":392,
    "攝影機編號":"411-中山北路5段-中正路",
    "攝影機id":411,
    "影片網址":"https://hls.bote.gov.taipei/live/index.html?id=411",
    "區域":"士林區"
    }
  },
  {
    "type": "Feature",
    "geometry": {
       "type": "Point",
       "coordinates":  [ 121.52489,25.10404 ]
    },
    "properties": {
    "流水號":393,
    "攝影機編號":"412-中山北路6段-忠誠路1段",
    "攝影機id":412,
    "影片網址":"https://hls.bote.gov.taipei/live/index.html?id=412",
    "區域":"士林區"
    }
  },
  {
    "type": "Feature",
    "geometry": {
       "type": "Point",
       "coordinates":  [ 121.54607,25.15222 ]
    },
    "properties": {
    "流水號":394,
    "攝影機編號":"413-湖山路-陽金公路",
    "攝影機id":413,
    "影片網址":"https://hls.bote.gov.taipei/live/index.html?id=413",
    "區域":"北投區"
    }
  },
  {
    "type": "Feature",
    "geometry": {
       "type": "Point",
       "coordinates":  [ 121.51378,25.0746 ]
    },
    "properties": {
    "流水號":395,
    "攝影機編號":"414-重慶北路3段-啟聰學校前",
    "攝影機id":414,
    "影片網址":"https://hls.bote.gov.taipei/live/index.html?id=414",
    "區域":"大同區"
    }
  },
  {
    "type": "Feature",
    "geometry": {
       "type": "Point",
       "coordinates":  [ 121.51778,25.05323 ]
    },
    "properties": {
    "流水號":396,
    "攝影機編號":"415-承德路1段-南京西路",
    "攝影機id":415,
    "影片網址":"https://hls.bote.gov.taipei/live/index.html?id=415",
    "區域":"大同區"
    }
  },
  {
    "type": "Feature",
    "geometry": {
       "type": "Point",
       "coordinates":  [ 121.57173,24.99488 ]
    },
    "properties": {
    "流水號":397,
    "攝影機編號":"416-木柵路4段-萬芳路",
    "攝影機id":416,
    "影片網址":"https://hls.bote.gov.taipei/live/index.html?id=416",
    "區域":"文山區"
    }
  },
  {
    "type": "Feature",
    "geometry": {
       "type": "Point",
       "coordinates":  [ 121.52847,25.0266 ]
    },
    "properties": {
    "流水號":398,
    "攝影機編號":"417-和平東路1段-師大路",
    "攝影機id":417,
    "影片網址":"https://hls.bote.gov.taipei/live/index.html?id=417",
    "區域":"大安區"
    }
  },
  {
    "type": "Feature",
    "geometry": {
       "type": "Point",
       "coordinates":  [ 121.56578,25.04828 ]
    },
    "properties": {
    "流水號":399,
    "攝影機編號":"418-市民大道5段-東興路",
    "攝影機id":418,
    "影片網址":"https://hls.bote.gov.taipei/live/index.html?id=418",
    "區域":"信義區"
    }
  },
  {
    "type": "Feature",
    "geometry": {
       "type": "Point",
       "coordinates":  [ 121.49515,25.02878 ]
    },
    "properties": {
    "流水號":400,
    "攝影機編號":"419-西園路二段-西藏路",
    "攝影機id":419,
    "影片網址":"https://hls.bote.gov.taipei/live/index.html?id=419",
    "區域":"萬華區"
    }
  },
  {
    "type": "Feature",
    "geometry": {
       "type": "Point",
       "coordinates":  [ 121.51448,25.03196 ]
    },
    "properties": {
    "流水號":401,
    "攝影機編號":"420-重慶南路二段-南海路",
    "攝影機id":420,
    "影片網址":"https://hls.bote.gov.taipei/live/index.html?id=420",
    "區域":"中正區"
    }
  },
  {
    "type": "Feature",
    "geometry": {
       "type": "Point",
       "coordinates":  [ 121.5491,25.04498 ]
    },
    "properties": {
    "流水號":402,
    "攝影機編號":"421-市民大道四段-敦化南路一段(北側)",
    "攝影機id":421,
    "影片網址":"https://hls.bote.gov.taipei/live/index.html?id=421",
    "區域":"大安區"
    }
  },
  {
    "type": "Feature",
    "geometry": {
       "type": "Point",
       "coordinates":  [ 121.6175,25.059 ]
    },
    "properties": {
    "流水號":403,
    "攝影機編號":"422-經貿二路131號(LaLaport商場)",
    "攝影機id":422,
    "影片網址":"https://hls.bote.gov.taipei/live/index.html?id=422",
    "區域":"南港區"
    }
  },
  {
    "type": "Feature",
    "geometry": {
       "type": "Point",
       "coordinates":  [ 121.61834,25.05813 ]
    },
    "properties": {
    "流水號":404,
    "攝影機編號":"423-經貿一路170號(台肥大樓)",
    "攝影機id":423,
    "影片網址":"https://hls.bote.gov.taipei/live/index.html?id=423",
    "區域":"南港區"
    }
  }
]
}